,generation,species,fitness,survived,mean_fitness
0,0,2,56.0,True,18.813333333333333
1,0,2,9.0,True,18.813333333333333
2,0,2,50.0,True,18.813333333333333
3,0,2,8.0,True,18.813333333333333
4,0,1,9.0,True,9.0
5,0,2,56.0,True,18.813333333333333
6,0,2,7.0,True,18.813333333333333
7,0,2,8.0,False,18.813333333333333
8,0,2,0.0,False,18.813333333333333
9,0,2,10.0,False,18.813333333333333
10,0,2,42.0,True,18.813333333333333
11,0,2,0.0,False,18.813333333333333
12,0,2,81.0,True,18.813333333333333
13,0,2,0.0,True,18.813333333333333
14,0,2,0.0,True,18.813333333333333
15,0,2,9.0,True,18.813333333333333
16,0,2,27.0,True,18.813333333333333
17,0,2,9.0,True,18.813333333333333
18,0,2,8.0,True,18.813333333333333
19,0,2,8.0,True,18.813333333333333
20,0,1,9.0,True,9.0
21,0,2,9.0,True,18.813333333333333
22,0,2,15.0,True,18.813333333333333
23,0,2,26.0,True,18.813333333333333
24,0,2,60.0,True,18.813333333333333
25,0,2,10.0,True,18.813333333333333
26,0,2,10.0,False,18.813333333333333
27,0,2,8.0,True,18.813333333333333
28,0,2,8.0,False,18.813333333333333
29,0,2,0.0,True,18.813333333333333
30,0,4,9.0,True,9.0
31,0,2,7.0,False,18.813333333333333
32,0,2,9.0,False,18.813333333333333
33,0,2,41.0,False,18.813333333333333
34,0,2,47.0,True,18.813333333333333
35,0,2,0.0,True,18.813333333333333
36,0,2,59.0,True,18.813333333333333
37,0,2,9.0,True,18.813333333333333
38,0,2,0.0,True,18.813333333333333
39,0,2,9.0,False,18.813333333333333
40,0,2,8.0,True,18.813333333333333
41,0,2,9.0,True,18.813333333333333
42,0,2,9.0,False,18.813333333333333
43,0,2,7.0,True,18.813333333333333
44,0,2,83.0,True,18.813333333333333
45,0,2,9.0,True,18.813333333333333
46,0,2,9.0,False,18.813333333333333
47,0,2,9.0,True,18.813333333333333
48,0,2,39.0,False,18.813333333333333
49,0,2,9.0,True,18.813333333333333
50,0,2,77.0,True,18.813333333333333
51,0,2,0.0,True,18.813333333333333
52,0,2,7.0,True,18.813333333333333
53,0,2,9.0,True,18.813333333333333
54,0,2,8.0,False,18.813333333333333
55,0,3,7.0,True,7.0
56,0,2,0.0,True,18.813333333333333
57,0,2,83.0,True,18.813333333333333
58,0,2,24.0,True,18.813333333333333
59,0,2,42.0,True,18.813333333333333
60,0,2,0.0,True,18.813333333333333
61,0,2,18.0,True,18.813333333333333
62,0,2,8.0,False,18.813333333333333
63,0,2,55.0,True,18.813333333333333
64,0,2,46.0,True,18.813333333333333
65,0,2,8.0,False,18.813333333333333
66,0,2,8.0,True,18.813333333333333
67,0,2,8.0,True,18.813333333333333
68,0,2,8.0,True,18.813333333333333
69,0,2,0.0,False,18.813333333333333
70,0,2,9.0,False,18.813333333333333
71,0,2,12.0,True,18.813333333333333
72,0,2,9.0,False,18.813333333333333
73,0,2,7.0,True,18.813333333333333
74,0,2,9.0,True,18.813333333333333
75,0,5,64.0,False,64.0
76,0,2,33.0,True,18.813333333333333
77,0,2,9.0,True,18.813333333333333
78,0,2,8.0,False,18.813333333333333
79,0,2,0.0,True,18.813333333333333
80,1,2,43.0,True,24.1081081081081
81,1,2,7.0,True,24.1081081081081
82,1,2,62.0,True,24.1081081081081
83,1,1,9.0,True,9.0
84,1,2,9.0,False,24.1081081081081
85,1,2,80.0,True,24.1081081081081
86,1,2,8.0,True,24.1081081081081
87,1,2,91.0,True,24.1081081081081
88,1,2,0.0,True,24.1081081081081
89,1,2,54.0,True,24.1081081081081
90,1,2,0.0,False,24.1081081081081
91,1,2,7.0,True,24.1081081081081
92,1,2,9.0,True,24.1081081081081
93,1,2,8.0,True,24.1081081081081
94,1,1,9.0,True,9.0
95,1,2,10.0,True,24.1081081081081
96,1,2,7.0,True,24.1081081081081
97,1,2,9.0,False,24.1081081081081
98,1,2,9.0,True,24.1081081081081
99,1,2,46.0,True,24.1081081081081
100,1,2,27.0,False,24.1081081081081
101,1,2,9.0,True,24.1081081081081
102,1,2,8.0,True,24.1081081081081
103,1,2,0.0,False,24.1081081081081
104,1,4,9.0,False,9.0
105,1,2,72.0,True,24.1081081081081
106,1,2,97.0,True,24.1081081081081
107,1,2,99.0,True,24.1081081081081
108,1,2,9.0,True,24.1081081081081
109,1,2,78.0,True,24.1081081081081
110,1,2,8.0,True,24.1081081081081
111,1,2,9.0,True,24.1081081081081
112,1,2,9.0,True,24.1081081081081
113,1,2,59.0,True,24.1081081081081
114,1,2,7.0,True,24.1081081081081
115,1,2,8.0,True,24.1081081081081
116,1,2,12.0,False,24.1081081081081
117,1,2,66.0,True,24.1081081081081
118,1,2,0.0,True,24.1081081081081
119,1,2,7.0,True,24.1081081081081
120,1,2,7.0,True,24.1081081081081
121,1,5,8.0,False,8.0
122,1,2,0.0,True,24.1081081081081
123,1,2,12.0,True,24.1081081081081
124,1,2,9.0,False,24.1081081081081
125,1,2,42.0,True,24.1081081081081
126,1,2,0.0,True,24.1081081081081
127,1,2,49.0,True,24.1081081081081
128,1,2,71.0,True,24.1081081081081
129,1,2,63.0,True,24.1081081081081
130,1,2,9.0,True,24.1081081081081
131,1,2,9.0,False,24.1081081081081
132,1,2,7.0,True,24.1081081081081
133,1,2,12.0,True,24.1081081081081
134,1,2,8.0,True,24.1081081081081
135,1,2,9.0,True,24.1081081081081
136,1,2,8.0,False,24.1081081081081
137,1,2,9.0,True,24.1081081081081
138,1,2,0.0,True,24.1081081081081
139,1,2,8.0,True,24.1081081081081
140,1,2,9.0,True,24.1081081081081
141,1,1,9.0,False,9.0
142,1,2,54.0,True,24.1081081081081
143,1,2,9.0,True,24.1081081081081
144,1,2,0.0,True,24.1081081081081
145,1,2,62.0,True,24.1081081081081
146,1,2,59.0,True,24.1081081081081
147,1,2,8.0,False,24.1081081081081
148,1,2,8.0,False,24.1081081081081
149,1,2,58.0,True,24.1081081081081
150,1,2,7.0,True,24.1081081081081
151,1,2,9.0,True,24.1081081081081
152,1,2,10.0,True,24.1081081081081
153,1,2,61.0,True,24.1081081081081
154,1,2,9.0,True,24.1081081081081
155,1,2,9.0,True,24.1081081081081
156,1,2,30.0,True,24.1081081081081
157,1,2,7.0,True,24.1081081081081
158,1,2,0.0,False,24.1081081081081
159,1,3,10.0,True,10.0
160,2,2,23.0,False,19.041666666666657
161,2,2,9.0,False,19.041666666666657
162,2,2,84.0,True,19.041666666666657
163,2,1,9.0,True,8.600000000000001
164,2,2,48.0,True,19.041666666666657
165,2,2,7.0,True,19.041666666666657
166,2,2,0.0,True,19.041666666666657
167,2,4,77.0,True,77.0
168,2,2,0.0,True,19.041666666666657
169,2,2,9.0,True,19.041666666666657
170,2,2,11.0,True,19.041666666666657
171,2,2,9.0,False,19.041666666666657
172,2,1,8.0,False,8.600000000000001
173,2,2,8.0,True,19.041666666666657
174,2,1,9.0,True,8.600000000000001
175,2,2,9.0,False,19.041666666666657
176,2,2,15.0,True,19.041666666666657
177,2,2,11.0,True,19.041666666666657
178,2,2,8.0,True,19.041666666666657
179,2,2,71.0,True,19.041666666666657
180,2,2,0.0,True,19.041666666666657
181,2,2,36.0,True,19.041666666666657
182,2,2,8.0,True,19.041666666666657
183,2,2,0.0,False,19.041666666666657
184,2,2,9.0,False,19.041666666666657
185,2,2,9.0,True,19.041666666666657
186,2,2,8.0,False,19.041666666666657
187,2,2,22.0,True,19.041666666666657
188,2,2,8.0,True,19.041666666666657
189,2,2,7.0,False,19.041666666666657
190,2,2,52.0,True,19.041666666666657
191,2,2,0.0,True,19.041666666666657
192,2,2,8.0,False,19.041666666666657
193,2,2,7.0,False,19.041666666666657
194,2,2,0.0,False,19.041666666666657
195,2,2,28.0,False,19.041666666666657
196,2,2,29.0,True,19.041666666666657
197,2,2,0.0,False,19.041666666666657
198,2,2,61.0,True,19.041666666666657
199,2,2,84.0,True,19.041666666666657
200,2,2,0.0,True,19.041666666666657
201,2,2,8.0,False,19.041666666666657
202,2,2,7.0,False,19.041666666666657
203,2,5,9.0,False,9.0
204,2,2,8.0,False,19.041666666666657
205,2,2,8.0,True,19.041666666666657
206,2,2,8.0,True,19.041666666666657
207,2,2,0.0,False,19.041666666666657
208,2,2,9.0,True,19.041666666666657
209,2,2,10.0,True,19.041666666666657
210,2,2,8.0,True,19.041666666666657
211,2,2,9.0,False,19.041666666666657
212,2,2,64.0,True,19.041666666666657
213,2,2,22.0,False,19.041666666666657
214,2,2,88.0,True,19.041666666666657
215,2,2,10.0,True,19.041666666666657
216,2,2,7.0,True,19.041666666666657
217,2,2,7.0,True,19.041666666666657
218,2,2,9.0,True,19.041666666666657
219,2,2,71.0,True,19.041666666666657
220,2,1,8.0,True,8.600000000000001
221,2,2,9.0,True,19.041666666666657
222,2,2,33.0,True,19.041666666666657
223,2,1,9.0,True,8.600000000000001
224,2,3,9.0,True,9.0
225,2,2,8.0,True,19.041666666666657
226,2,2,7.0,True,19.041666666666657
227,2,2,29.0,True,19.041666666666657
228,2,2,8.0,False,19.041666666666657
229,2,2,43.0,True,19.041666666666657
230,2,2,7.0,False,19.041666666666657
231,2,2,8.0,False,19.041666666666657
232,2,2,60.0,True,19.041666666666657
233,2,2,8.0,True,19.041666666666657
234,2,2,9.0,True,19.041666666666657
235,2,2,7.0,False,19.041666666666657
236,2,2,8.0,True,19.041666666666657
237,2,2,59.0,True,19.041666666666657
238,2,2,9.0,True,19.041666666666657
239,2,2,8.0,True,19.041666666666657
240,3,2,0.0,True,25.57333333333332
241,3,2,9.0,True,25.57333333333332
242,3,2,84.0,True,25.57333333333332
243,3,2,9.0,False,25.57333333333332
244,3,2,51.0,True,25.57333333333332
245,3,3,0.0,True,0.0
246,3,2,0.0,True,25.57333333333332
247,3,2,9.0,True,25.57333333333332
248,3,2,34.0,True,25.57333333333332
249,3,2,7.0,True,25.57333333333332
250,3,2,7.0,True,25.57333333333332
251,3,2,37.0,False,25.57333333333332
252,3,2,26.0,True,25.57333333333332
253,3,2,8.0,True,25.57333333333332
254,3,2,42.0,True,25.57333333333332
255,3,2,71.0,True,25.57333333333332
256,3,2,37.0,False,25.57333333333332
257,3,2,8.0,True,25.57333333333332
258,3,2,8.0,True,25.57333333333332
259,3,2,42.0,True,25.57333333333332
260,3,2,9.0,True,25.57333333333332
261,3,2,33.0,False,25.57333333333332
262,3,2,0.0,True,25.57333333333332
263,3,2,75.0,True,25.57333333333332
264,3,2,25.0,True,25.57333333333332
265,3,2,0.0,True,25.57333333333332
266,3,2,87.0,True,25.57333333333332
267,3,2,9.0,False,25.57333333333332
268,3,2,11.0,False,25.57333333333332
269,3,2,9.0,False,25.57333333333332
270,3,2,9.0,True,25.57333333333332
271,3,2,9.0,True,25.57333333333332
272,3,2,64.0,True,25.57333333333332
273,3,2,31.0,False,25.57333333333332
274,3,2,21.0,True,25.57333333333332
275,3,2,9.0,True,25.57333333333332
276,3,2,8.0,True,25.57333333333332
277,3,2,9.0,False,25.57333333333332
278,3,2,0.0,False,25.57333333333332
279,3,2,8.0,False,25.57333333333332
280,3,4,7.0,False,7.0
281,3,2,10.0,True,25.57333333333332
282,3,2,9.0,True,25.57333333333332
283,3,1,8.0,True,8.5
284,3,2,9.0,False,25.57333333333332
285,3,2,9.0,True,25.57333333333332
286,3,2,76.0,True,25.57333333333332
287,3,2,79.0,True,25.57333333333332
288,3,2,0.0,True,25.57333333333332
289,3,2,9.0,False,25.57333333333332
290,3,2,9.0,True,25.57333333333332
291,3,2,7.0,True,25.57333333333332
292,3,2,37.0,False,25.57333333333332
293,3,2,9.0,False,25.57333333333332
294,3,2,8.0,True,25.57333333333332
295,3,2,29.0,True,25.57333333333332
296,3,2,66.0,True,25.57333333333332
297,3,2,0.0,True,25.57333333333332
298,3,2,0.0,False,25.57333333333332
299,3,2,36.0,False,25.57333333333332
300,3,2,8.0,True,25.57333333333332
301,3,2,9.0,False,25.57333333333332
302,3,2,66.0,True,25.57333333333332
303,3,2,67.0,True,25.57333333333332
304,3,2,7.0,False,25.57333333333332
305,3,2,9.0,True,25.57333333333332
306,3,2,27.0,True,25.57333333333332
307,3,2,58.0,True,25.57333333333332
308,3,2,8.0,True,25.57333333333332
309,3,2,78.0,True,25.57333333333332
310,3,2,8.0,False,25.57333333333332
311,3,2,9.0,True,25.57333333333332
312,3,2,27.0,True,25.57333333333332
313,3,2,80.0,True,25.57333333333332
314,3,2,81.0,True,25.57333333333332
315,3,2,8.0,True,25.57333333333332
316,3,2,42.0,True,25.57333333333332
317,3,5,8.0,True,8.0
318,3,2,9.0,False,25.57333333333332
319,3,1,9.0,True,8.5
320,4,1,40.0,True,25.986842105263154
321,4,1,9.0,True,25.986842105263154
322,4,1,60.0,True,25.986842105263154
323,4,1,61.0,True,25.986842105263154
324,4,2,0.0,True,0.0
325,4,1,0.0,False,25.986842105263154
326,4,1,8.0,True,25.986842105263154
327,4,1,9.0,True,25.986842105263154
328,4,1,7.0,False,25.986842105263154
329,4,1,10.0,True,25.986842105263154
330,4,1,8.0,True,25.986842105263154
331,4,1,8.0,True,25.986842105263154
332,4,1,69.0,True,25.986842105263154
333,4,1,0.0,False,25.986842105263154
334,4,1,8.0,True,25.986842105263154
335,4,1,8.0,True,25.986842105263154
336,4,1,73.0,True,25.986842105263154
337,4,1,7.0,True,25.986842105263154
338,4,1,0.0,False,25.986842105263154
339,4,5,46.0,True,46.0
340,4,1,24.0,False,25.986842105263154
341,4,1,78.0,True,25.986842105263154
342,4,1,47.0,True,25.986842105263154
343,4,1,9.0,True,25.986842105263154
344,4,1,9.0,True,25.986842105263154
345,4,1,0.0,True,25.986842105263154
346,4,1,10.0,False,25.986842105263154
347,4,1,7.0,False,25.986842105263154
348,4,1,9.0,True,25.986842105263154
349,4,1,8.0,True,25.986842105263154
350,4,1,8.0,False,25.986842105263154
351,4,1,9.0,False,25.986842105263154
352,4,1,8.0,False,25.986842105263154
353,4,1,21.0,True,25.986842105263154
354,4,1,42.0,True,25.986842105263154
355,4,1,77.0,True,25.986842105263154
356,4,1,8.0,True,25.986842105263154
357,4,1,9.0,True,25.986842105263154
358,4,1,7.0,False,25.986842105263154
359,4,1,28.0,True,25.986842105263154
360,4,1,0.0,True,25.986842105263154
361,4,1,0.0,True,25.986842105263154
362,4,1,8.0,True,25.986842105263154
363,4,1,77.0,True,25.986842105263154
364,4,1,46.0,True,25.986842105263154
365,4,1,9.0,True,25.986842105263154
366,4,1,11.0,True,25.986842105263154
367,4,1,55.0,True,25.986842105263154
368,4,1,8.0,True,25.986842105263154
369,4,1,89.0,True,25.986842105263154
370,4,1,7.0,False,25.986842105263154
371,4,1,83.0,True,25.986842105263154
372,4,1,97.0,True,25.986842105263154
373,4,1,0.0,True,25.986842105263154
374,4,1,8.0,True,25.986842105263154
375,4,1,0.0,True,25.986842105263154
376,4,4,9.0,True,9.0
377,4,1,9.0,False,25.986842105263154
378,4,1,82.0,True,25.986842105263154
379,4,1,8.0,False,25.986842105263154
380,4,1,9.0,True,25.986842105263154
381,4,1,0.0,True,25.986842105263154
382,4,1,69.0,True,25.986842105263154
383,4,1,48.0,True,25.986842105263154
384,4,1,39.0,True,25.986842105263154
385,4,3,8.0,False,8.0
386,4,1,80.0,True,25.986842105263154
387,4,1,10.0,False,25.986842105263154
388,4,1,7.0,True,25.986842105263154
389,4,1,8.0,True,25.986842105263154
390,4,1,0.0,True,25.986842105263154
391,4,1,96.0,True,25.986842105263154
392,4,1,15.0,True,25.986842105263154
393,4,1,8.0,False,25.986842105263154
394,4,1,7.0,False,25.986842105263154
395,4,1,9.0,True,25.986842105263154
396,4,1,93.0,True,25.986842105263154
397,4,1,8.0,True,25.986842105263154
398,4,1,9.0,False,25.986842105263154
399,4,1,60.0,True,25.986842105263154
400,5,2,28.0,True,28.720000000000006
401,5,2,9.0,True,28.720000000000006
402,5,2,87.0,True,28.720000000000006
403,5,2,0.0,True,28.720000000000006
404,5,2,78.0,True,28.720000000000006
405,5,2,9.0,True,28.720000000000006
406,5,2,9.0,True,28.720000000000006
407,5,2,8.0,True,28.720000000000006
408,5,2,8.0,False,28.720000000000006
409,5,2,7.0,False,28.720000000000006
410,5,2,46.0,False,28.720000000000006
411,5,2,8.0,True,28.720000000000006
412,5,2,8.0,False,28.720000000000006
413,5,2,79.0,True,28.720000000000006
414,5,2,9.0,True,28.720000000000006
415,5,2,0.0,True,28.720000000000006
416,5,2,67.0,True,28.720000000000006
417,5,2,54.0,True,28.720000000000006
418,5,2,23.0,True,28.720000000000006
419,5,2,0.0,True,28.720000000000006
420,5,2,37.0,True,28.720000000000006
421,5,4,8.0,False,8.0
422,5,2,9.0,False,28.720000000000006
423,5,2,26.0,True,28.720000000000006
424,5,2,44.0,True,28.720000000000006
425,5,2,0.0,False,28.720000000000006
426,5,2,9.0,True,28.720000000000006
427,5,2,9.0,False,28.720000000000006
428,5,2,35.0,True,28.720000000000006
429,5,2,0.0,False,28.720000000000006
430,5,2,0.0,False,28.720000000000006
431,5,2,8.0,True,28.720000000000006
432,5,2,82.0,True,28.720000000000006
433,5,2,8.0,True,28.720000000000006
434,5,2,8.0,True,28.720000000000006
435,5,2,28.0,True,28.720000000000006
436,5,2,86.0,True,28.720000000000006
437,5,2,7.0,True,28.720000000000006
438,5,2,40.0,True,28.720000000000006
439,5,2,31.0,False,28.720000000000006
440,5,2,52.0,True,28.720000000000006
441,5,2,0.0,False,28.720000000000006
442,5,2,9.0,True,28.720000000000006
443,5,2,43.0,True,28.720000000000006
444,5,1,24.0,True,23.5
445,5,2,63.0,True,28.720000000000006
446,5,2,9.0,False,28.720000000000006
447,5,2,0.0,True,28.720000000000006
448,5,2,97.0,True,28.720000000000006
449,5,2,0.0,False,28.720000000000006
450,5,2,0.0,False,28.720000000000006
451,5,2,97.0,True,28.720000000000006
452,5,2,10.0,False,28.720000000000006
453,5,3,8.0,True,8.0
454,5,2,76.0,True,28.720000000000006
455,5,2,44.0,True,28.720000000000006
456,5,2,9.0,True,28.720000000000006
457,5,2,9.0,True,28.720000000000006
458,5,2,0.0,True,28.720000000000006
459,5,2,8.0,False,28.720000000000006
460,5,2,74.0,True,28.720000000000006
461,5,2,9.0,True,28.720000000000006
462,5,5,9.0,True,9.0
463,5,2,8.0,False,28.720000000000006
464,5,2,9.0,True,28.720000000000006
465,5,2,90.0,True,28.720000000000006
466,5,2,0.0,False,28.720000000000006
467,5,1,23.0,True,23.5
468,5,2,9.0,False,28.720000000000006
469,5,2,86.0,True,28.720000000000006
470,5,2,9.0,False,28.720000000000006
471,5,2,9.0,True,28.720000000000006
472,5,2,0.0,True,28.720000000000006
473,5,2,66.0,True,28.720000000000006
474,5,2,50.0,True,28.720000000000006
475,5,2,7.0,True,28.720000000000006
476,5,2,0.0,True,28.720000000000006
477,5,2,75.0,True,28.720000000000006
478,5,2,69.0,True,28.720000000000006
479,5,2,54.0,True,28.720000000000006
480,6,2,77.0,True,36.80555555555555
481,6,2,9.0,True,36.80555555555555
482,6,2,48.0,True,36.80555555555555
483,6,2,0.0,False,36.80555555555555
484,6,2,68.0,True,36.80555555555555
485,6,2,9.0,False,36.80555555555555
486,6,2,8.0,True,36.80555555555555
487,6,1,9.0,False,9.0
488,6,2,9.0,True,36.80555555555555
489,6,2,85.0,True,36.80555555555555
490,6,2,8.0,False,36.80555555555555
491,6,2,66.0,True,36.80555555555555
492,6,2,0.0,False,36.80555555555555
493,6,2,37.0,True,36.80555555555555
494,6,2,37.0,True,36.80555555555555
495,6,2,79.0,True,36.80555555555555
496,6,2,0.0,True,36.80555555555555
497,6,2,50.0,True,36.80555555555555
498,6,2,29.0,True,36.80555555555555
499,6,2,7.0,True,36.80555555555555
500,6,2,53.0,True,36.80555555555555
501,6,2,9.0,True,36.80555555555555
502,6,2,0.0,False,36.80555555555555
503,6,2,8.0,False,36.80555555555555
504,6,2,7.0,True,36.80555555555555
505,6,2,11.0,True,36.80555555555555
506,6,2,58.0,True,36.80555555555555
507,6,2,9.0,True,36.80555555555555
508,6,2,0.0,False,36.80555555555555
509,6,2,62.0,True,36.80555555555555
510,6,1,9.0,True,9.0
511,6,2,61.0,True,36.80555555555555
512,6,2,8.0,True,36.80555555555555
513,6,2,78.0,True,36.80555555555555
514,6,2,63.0,True,36.80555555555555
515,6,2,0.0,True,36.80555555555555
516,6,2,58.0,True,36.80555555555555
517,6,3,9.0,False,9.0
518,6,2,57.0,True,36.80555555555555
519,6,2,0.0,True,36.80555555555555
520,6,2,32.0,False,36.80555555555555
521,6,2,9.0,True,36.80555555555555
522,6,2,0.0,True,36.80555555555555
523,6,2,33.0,True,36.80555555555555
524,6,2,8.0,True,36.80555555555555
525,6,5,9.0,True,9.0
526,6,1,9.0,True,9.0
527,6,2,56.0,True,36.80555555555555
528,6,2,9.0,False,36.80555555555555
529,6,2,75.0,True,36.80555555555555
530,6,2,9.0,False,36.80555555555555
531,6,2,81.0,True,36.80555555555555
532,6,2,87.0,True,36.80555555555555
533,6,2,77.0,True,36.80555555555555
534,6,2,9.0,False,36.80555555555555
535,6,2,80.0,True,36.80555555555555
536,6,2,72.0,True,36.80555555555555
537,6,2,85.0,True,36.80555555555555
538,6,2,49.0,True,36.80555555555555
539,6,4,8.0,True,8.5
540,6,4,9.0,True,8.5
541,6,1,9.0,False,9.0
542,6,2,8.0,True,36.80555555555555
543,6,2,26.0,True,36.80555555555555
544,6,2,8.0,True,36.80555555555555
545,6,2,0.0,False,36.80555555555555
546,6,2,80.0,True,36.80555555555555
547,6,2,79.0,True,36.80555555555555
548,6,2,0.0,True,36.80555555555555
549,6,2,9.0,False,36.80555555555555
550,6,2,47.0,True,36.80555555555555
551,6,2,9.0,True,36.80555555555555
552,6,2,35.0,True,36.80555555555555
553,6,2,8.0,True,36.80555555555555
554,6,2,44.0,False,36.80555555555555
555,6,2,30.0,True,36.80555555555555
556,6,2,93.0,True,36.80555555555555
557,6,2,60.0,True,36.80555555555555
558,6,2,94.0,True,36.80555555555555
559,6,2,81.0,True,36.80555555555555
560,7,3,0.0,True,41.45714285714285
561,7,3,9.0,False,41.45714285714285
562,7,3,87.0,True,41.45714285714285
563,7,3,40.0,True,41.45714285714285
564,7,3,9.0,False,41.45714285714285
565,7,3,8.0,True,41.45714285714285
566,7,3,70.0,True,41.45714285714285
567,7,3,95.0,True,41.45714285714285
568,7,3,62.0,True,41.45714285714285
569,7,3,31.0,False,41.45714285714285
570,7,3,71.0,True,41.45714285714285
571,7,2,0.0,True,5.333333333333333
572,7,3,46.0,True,41.45714285714285
573,7,3,0.0,True,41.45714285714285
574,7,3,9.0,True,41.45714285714285
575,7,3,92.0,True,41.45714285714285
576,7,3,9.0,False,41.45714285714285
577,7,3,8.0,False,41.45714285714285
578,7,3,22.0,True,41.45714285714285
579,7,3,62.0,True,41.45714285714285
580,7,3,9.0,False,41.45714285714285
581,7,3,73.0,True,41.45714285714285
582,7,1,9.0,True,8.333333333333334
583,7,3,85.0,True,41.45714285714285
584,7,3,9.0,True,41.45714285714285
585,7,3,83.0,True,41.45714285714285
586,7,3,0.0,True,41.45714285714285
587,7,3,82.0,True,41.45714285714285
588,7,3,22.0,True,41.45714285714285
589,7,3,95.0,True,41.45714285714285
590,7,3,88.0,True,41.45714285714285
591,7,3,8.0,True,41.45714285714285
592,7,3,0.0,True,41.45714285714285
593,7,3,51.0,True,41.45714285714285
594,7,2,8.0,True,5.333333333333333
595,7,5,8.0,True,8.0
596,7,1,9.0,True,8.333333333333334
597,7,3,23.0,False,41.45714285714285
598,7,3,91.0,True,41.45714285714285
599,7,3,84.0,True,41.45714285714285
600,7,3,96.0,True,41.45714285714285
601,7,3,40.0,True,41.45714285714285
602,7,3,53.0,True,41.45714285714285
603,7,3,71.0,True,41.45714285714285
604,7,3,46.0,False,41.45714285714285
605,7,3,55.0,True,41.45714285714285
606,7,4,8.0,True,8.333333333333332
607,7,4,8.0,True,8.333333333333332
608,7,3,8.0,True,41.45714285714285
609,7,3,19.0,True,41.45714285714285
610,7,3,8.0,True,41.45714285714285
611,7,3,74.0,True,41.45714285714285
612,7,3,68.0,True,41.45714285714285
613,7,3,30.0,False,41.45714285714285
614,7,3,49.0,True,41.45714285714285
615,7,3,9.0,True,41.45714285714285
616,7,3,63.0,True,41.45714285714285
617,7,3,34.0,False,41.45714285714285
618,7,3,41.0,True,41.45714285714285
619,7,3,56.0,True,41.45714285714285
620,7,3,0.0,False,41.45714285714285
621,7,3,48.0,True,41.45714285714285
622,7,3,28.0,True,41.45714285714285
623,7,3,20.0,True,41.45714285714285
624,7,3,10.0,True,41.45714285714285
625,7,3,96.0,True,41.45714285714285
626,7,1,7.0,True,8.333333333333334
627,7,3,11.0,True,41.45714285714285
628,7,3,72.0,True,41.45714285714285
629,7,3,28.0,True,41.45714285714285
630,7,3,16.0,True,41.45714285714285
631,7,3,80.0,True,41.45714285714285
632,7,3,0.0,True,41.45714285714285
633,7,2,8.0,True,5.333333333333333
634,7,4,9.0,True,8.333333333333332
635,7,3,9.0,False,41.45714285714285
636,7,3,20.0,True,41.45714285714285
637,7,3,72.0,True,41.45714285714285
638,7,3,0.0,True,41.45714285714285
639,7,3,39.0,True,41.45714285714285
640,8,2,30.0,False,33.77142857142857
641,8,2,56.0,True,33.77142857142857
642,8,2,61.0,True,33.77142857142857
643,8,2,8.0,True,33.77142857142857
644,8,2,80.0,True,33.77142857142857
645,8,2,0.0,True,33.77142857142857
646,8,2,22.0,False,33.77142857142857
647,8,2,56.0,True,33.77142857142857
648,8,2,0.0,True,33.77142857142857
649,8,2,50.0,True,33.77142857142857
650,8,2,46.0,False,33.77142857142857
651,8,2,8.0,True,33.77142857142857
652,8,2,93.0,True,33.77142857142857
653,8,2,38.0,True,33.77142857142857
654,8,2,45.0,False,33.77142857142857
655,8,2,59.0,True,33.77142857142857
656,8,1,9.0,True,9.0
657,8,2,90.0,True,33.77142857142857
658,8,3,9.0,True,9.0
659,8,2,0.0,True,33.77142857142857
660,8,2,0.0,True,33.77142857142857
661,8,2,0.0,False,33.77142857142857
662,8,2,39.0,False,33.77142857142857
663,8,2,0.0,True,33.77142857142857
664,8,2,28.0,False,33.77142857142857
665,8,2,8.0,True,33.77142857142857
666,8,2,0.0,True,33.77142857142857
667,8,2,65.0,True,33.77142857142857
668,8,2,8.0,False,33.77142857142857
669,8,5,9.0,False,9.0
670,8,1,9.0,False,9.0
671,8,2,0.0,True,33.77142857142857
672,8,2,64.0,True,33.77142857142857
673,8,2,0.0,True,33.77142857142857
674,8,2,41.0,False,33.77142857142857
675,8,2,0.0,True,33.77142857142857
676,8,2,61.0,True,33.77142857142857
677,8,2,79.0,True,33.77142857142857
678,8,4,8.0,True,8.333333333333332
679,8,4,9.0,True,8.333333333333332
680,8,2,9.0,True,33.77142857142857
681,8,2,12.0,False,33.77142857142857
682,8,2,8.0,False,33.77142857142857
683,8,2,76.0,True,33.77142857142857
684,8,2,24.0,False,33.77142857142857
685,8,2,46.0,False,33.77142857142857
686,8,2,9.0,True,33.77142857142857
687,8,2,47.0,True,33.77142857142857
688,8,2,10.0,False,33.77142857142857
689,8,2,55.0,True,33.77142857142857
690,8,2,0.0,False,33.77142857142857
691,8,2,43.0,True,33.77142857142857
692,8,2,85.0,True,33.77142857142857
693,8,2,9.0,True,33.77142857142857
694,8,2,58.0,True,33.77142857142857
695,8,1,9.0,True,9.0
696,8,2,10.0,False,33.77142857142857
697,8,2,54.0,True,33.77142857142857
698,8,2,0.0,True,33.77142857142857
699,8,2,33.0,True,33.77142857142857
700,8,2,0.0,True,33.77142857142857
701,8,2,96.0,True,33.77142857142857
702,8,2,8.0,False,33.77142857142857
703,8,4,8.0,False,8.333333333333332
704,8,2,77.0,True,33.77142857142857
705,8,2,55.0,True,33.77142857142857
706,8,2,0.0,True,33.77142857142857
707,8,2,40.0,True,33.77142857142857
708,8,2,90.0,True,33.77142857142857
709,8,2,86.0,True,33.77142857142857
710,8,1,9.0,False,9.0
711,8,2,15.0,True,33.77142857142857
712,8,1,9.0,True,9.0
713,8,2,9.0,True,33.77142857142857
714,8,2,65.0,True,33.77142857142857
715,8,2,7.0,False,33.77142857142857
716,8,2,9.0,True,33.77142857142857
717,8,2,8.0,True,33.77142857142857
718,8,2,44.0,False,33.77142857142857
719,8,2,32.0,True,33.77142857142857
720,9,4,54.0,True,27.542857142857148
721,9,4,56.0,True,27.542857142857148
722,9,4,9.0,True,27.542857142857148
723,9,4,46.0,True,27.542857142857148
724,9,4,35.0,True,27.542857142857148
725,9,4,40.0,True,27.542857142857148
726,9,3,90.0,True,33.0
727,9,4,34.0,True,27.542857142857148
728,9,4,8.0,False,27.542857142857148
729,9,4,23.0,False,27.542857142857148
730,9,4,15.0,False,27.542857142857148
731,9,4,83.0,True,27.542857142857148
732,9,1,9.0,True,9.0
733,9,4,29.0,True,27.542857142857148
734,9,5,9.0,True,9.0
735,9,4,0.0,True,27.542857142857148
736,9,4,0.0,True,27.542857142857148
737,9,4,0.0,True,27.542857142857148
738,9,4,8.0,False,27.542857142857148
739,9,4,0.0,True,27.542857142857148
740,9,4,65.0,True,27.542857142857148
741,9,4,25.0,True,27.542857142857148
742,9,4,59.0,True,27.542857142857148
743,9,4,0.0,False,27.542857142857148
744,9,4,0.0,False,27.542857142857148
745,9,4,0.0,True,27.542857142857148
746,9,4,49.0,True,27.542857142857148
747,9,2,7.0,False,8.333333333333334
748,9,2,9.0,True,8.333333333333334
749,9,4,9.0,False,27.542857142857148
750,9,4,45.0,True,27.542857142857148
751,9,4,8.0,True,27.542857142857148
752,9,4,23.0,True,27.542857142857148
753,9,4,74.0,True,27.542857142857148
754,9,4,0.0,True,27.542857142857148
755,9,4,72.0,True,27.542857142857148
756,9,4,7.0,True,27.542857142857148
757,9,4,0.0,True,27.542857142857148
758,9,1,9.0,False,9.0
759,9,4,48.0,True,27.542857142857148
760,9,4,78.0,True,27.542857142857148
761,9,4,8.0,True,27.542857142857148
762,9,4,74.0,True,27.542857142857148
763,9,4,54.0,True,27.542857142857148
764,9,4,83.0,True,27.542857142857148
765,9,4,0.0,True,27.542857142857148
766,9,4,0.0,True,27.542857142857148
767,9,4,53.0,True,27.542857142857148
768,9,4,33.0,True,27.542857142857148
769,9,4,0.0,True,27.542857142857148
770,9,4,9.0,True,27.542857142857148
771,9,1,9.0,False,9.0
772,9,4,9.0,True,27.542857142857148
773,9,4,0.0,True,27.542857142857148
774,9,4,8.0,True,27.542857142857148
775,9,4,8.0,True,27.542857142857148
776,9,4,45.0,True,27.542857142857148
777,9,4,0.0,True,27.542857142857148
778,9,4,76.0,True,27.542857142857148
779,9,4,36.0,True,27.542857142857148
780,9,4,8.0,True,27.542857142857148
781,9,4,52.0,True,27.542857142857148
782,9,4,0.0,False,27.542857142857148
783,9,4,52.0,True,27.542857142857148
784,9,4,0.0,True,27.542857142857148
785,9,4,60.0,True,27.542857142857148
786,9,4,43.0,True,27.542857142857148
787,9,4,0.0,True,27.542857142857148
788,9,2,9.0,True,8.333333333333334
789,9,4,38.0,False,27.542857142857148
790,9,4,0.0,True,27.542857142857148
791,9,4,46.0,True,27.542857142857148
792,9,3,0.0,True,33.0
793,9,3,9.0,True,33.0
794,9,4,36.0,True,27.542857142857148
795,9,4,9.0,False,27.542857142857148
796,9,4,0.0,True,27.542857142857148
797,9,4,0.0,True,27.542857142857148
798,9,4,61.0,True,27.542857142857148
799,9,4,25.0,True,27.542857142857148
800,10,4,47.0,True,41.33802816901407
801,10,4,78.0,True,41.33802816901407
802,10,4,8.0,True,41.33802816901407
803,10,4,72.0,True,41.33802816901407
804,10,4,78.0,True,41.33802816901407
805,10,4,50.0,True,41.33802816901407
806,10,2,0.0,True,25.5
807,10,4,62.0,True,41.33802816901407
808,10,4,25.0,True,41.33802816901407
809,10,1,9.0,False,9.0
810,10,4,28.0,True,41.33802816901407
811,10,5,9.0,True,9.0
812,10,4,80.0,True,41.33802816901407
813,10,4,44.0,True,41.33802816901407
814,10,4,0.0,False,41.33802816901407
815,10,4,0.0,False,41.33802816901407
816,10,4,31.0,True,41.33802816901407
817,10,4,39.0,True,41.33802816901407
818,10,4,67.0,True,41.33802816901407
819,10,4,75.0,True,41.33802816901407
820,10,4,46.0,False,41.33802816901407
821,10,3,8.0,False,8.5
822,10,4,0.0,True,41.33802816901407
823,10,4,8.0,False,41.33802816901407
824,10,4,35.0,False,41.33802816901407
825,10,4,57.0,True,41.33802816901407
826,10,4,58.0,True,41.33802816901407
827,10,4,28.0,True,41.33802816901407
828,10,4,8.0,True,41.33802816901407
829,10,4,84.0,True,41.33802816901407
830,10,4,0.0,True,41.33802816901407
831,10,4,49.0,True,41.33802816901407
832,10,4,7.0,True,41.33802816901407
833,10,4,0.0,True,41.33802816901407
834,10,4,93.0,True,41.33802816901407
835,10,4,87.0,True,41.33802816901407
836,10,4,42.0,True,41.33802816901407
837,10,4,0.0,False,41.33802816901407
838,10,4,80.0,True,41.33802816901407
839,10,4,83.0,True,41.33802816901407
840,10,4,0.0,True,41.33802816901407
841,10,4,40.0,True,41.33802816901407
842,10,4,9.0,False,41.33802816901407
843,10,4,0.0,True,41.33802816901407
844,10,4,8.0,False,41.33802816901407
845,10,4,9.0,True,41.33802816901407
846,10,4,52.0,True,41.33802816901407
847,10,4,56.0,True,41.33802816901407
848,10,4,69.0,True,41.33802816901407
849,10,4,0.0,True,41.33802816901407
850,10,4,9.0,True,41.33802816901407
851,10,4,49.0,True,41.33802816901407
852,10,4,89.0,True,41.33802816901407
853,10,4,65.0,True,41.33802816901407
854,10,4,49.0,True,41.33802816901407
855,10,4,96.0,True,41.33802816901407
856,10,4,86.0,True,41.33802816901407
857,10,3,9.0,True,8.5
858,10,4,46.0,False,41.33802816901407
859,10,4,45.0,True,41.33802816901407
860,10,2,83.0,True,25.5
861,10,2,9.0,False,25.5
862,10,4,29.0,False,41.33802816901407
863,10,4,0.0,False,41.33802816901407
864,10,4,96.0,True,41.33802816901407
865,10,4,89.0,True,41.33802816901407
866,10,4,25.0,True,41.33802816901407
867,10,4,8.0,True,41.33802816901407
868,10,4,0.0,True,41.33802816901407
869,10,1,9.0,True,9.0
870,10,4,52.0,True,41.33802816901407
871,10,4,32.0,True,41.33802816901407
872,10,4,96.0,True,41.33802816901407
873,10,4,18.0,False,41.33802816901407
874,10,4,0.0,False,41.33802816901407
875,10,2,10.0,True,25.5
876,10,4,35.0,True,41.33802816901407
877,10,4,87.0,True,41.33802816901407
878,10,4,0.0,True,41.33802816901407
879,10,4,42.0,True,41.33802816901407
880,11,3,74.0,True,38.12328767123285
881,11,3,73.0,True,38.12328767123285
882,11,3,9.0,False,38.12328767123285
883,11,3,61.0,True,38.12328767123285
884,11,3,35.0,True,38.12328767123285
885,11,3,65.0,True,38.12328767123285
886,11,1,0.0,True,2.6666666666666665
887,11,3,0.0,True,38.12328767123285
888,11,3,35.0,True,38.12328767123285
889,11,3,29.0,True,38.12328767123285
890,11,4,9.0,False,9.0
891,11,3,0.0,True,38.12328767123285
892,11,3,0.0,False,38.12328767123285
893,11,3,61.0,True,38.12328767123285
894,11,3,0.0,False,38.12328767123285
895,11,3,47.0,True,38.12328767123285
896,11,3,76.0,True,38.12328767123285
897,11,3,38.0,False,38.12328767123285
898,11,3,0.0,True,38.12328767123285
899,11,3,22.0,True,38.12328767123285
900,11,3,0.0,True,38.12328767123285
901,11,3,8.0,True,38.12328767123285
902,11,3,0.0,True,38.12328767123285
903,11,3,84.0,True,38.12328767123285
904,11,3,23.0,True,38.12328767123285
905,11,3,13.0,False,38.12328767123285
906,11,3,50.0,True,38.12328767123285
907,11,3,0.0,True,38.12328767123285
908,11,3,20.0,True,38.12328767123285
909,11,3,66.0,True,38.12328767123285
910,11,3,77.0,True,38.12328767123285
911,11,3,51.0,True,38.12328767123285
912,11,3,0.0,True,38.12328767123285
913,11,3,12.0,True,38.12328767123285
914,11,3,69.0,True,38.12328767123285
915,11,3,9.0,True,38.12328767123285
916,11,3,35.0,True,38.12328767123285
917,11,3,40.0,True,38.12328767123285
918,11,3,77.0,True,38.12328767123285
919,11,3,40.0,True,38.12328767123285
920,11,3,8.0,False,38.12328767123285
921,11,3,47.0,True,38.12328767123285
922,11,3,64.0,True,38.12328767123285
923,11,3,64.0,True,38.12328767123285
924,11,3,44.0,True,38.12328767123285
925,11,3,78.0,True,38.12328767123285
926,11,3,95.0,True,38.12328767123285
927,11,2,8.0,False,8.0
928,11,3,52.0,True,38.12328767123285
929,11,1,0.0,True,2.6666666666666665
930,11,3,64.0,True,38.12328767123285
931,11,3,77.0,True,38.12328767123285
932,11,3,47.0,True,38.12328767123285
933,11,3,10.0,True,38.12328767123285
934,11,3,0.0,True,38.12328767123285
935,11,5,9.0,True,9.0
936,11,3,89.0,True,38.12328767123285
937,11,3,49.0,True,38.12328767123285
938,11,3,89.0,True,38.12328767123285
939,11,1,8.0,True,2.6666666666666665
940,11,3,28.0,True,38.12328767123285
941,11,3,59.0,True,38.12328767123285
942,11,3,0.0,False,38.12328767123285
943,11,3,73.0,True,38.12328767123285
944,11,3,40.0,True,38.12328767123285
945,11,3,7.0,True,38.12328767123285
946,11,2,8.0,True,8.0
947,11,3,0.0,True,38.12328767123285
948,11,3,0.0,True,38.12328767123285
949,11,3,10.0,True,38.12328767123285
950,11,3,77.0,True,38.12328767123285
951,11,3,38.0,True,38.12328767123285
952,11,3,97.0,True,38.12328767123285
953,11,3,49.0,True,38.12328767123285
954,11,3,9.0,True,38.12328767123285
955,11,3,8.0,True,38.12328767123285
956,11,3,9.0,True,38.12328767123285
957,11,3,62.0,True,38.12328767123285
958,11,3,9.0,True,38.12328767123285
959,11,3,32.0,True,38.12328767123285
960,12,3,58.0,True,37.04
961,12,3,77.0,True,37.04
962,12,3,72.0,True,37.04
963,12,3,91.0,True,37.04
964,12,3,62.0,True,37.04
965,12,1,96.0,True,48.0
966,12,3,38.0,True,37.04
967,12,3,66.0,True,37.04
968,12,3,42.0,False,37.04
969,12,3,93.0,True,37.04
970,12,3,35.0,True,37.04
971,12,3,69.0,True,37.04
972,12,3,72.0,True,37.04
973,12,3,87.0,True,37.04
974,12,3,44.0,False,37.04
975,12,3,35.0,True,37.04
976,12,3,7.0,True,37.04
977,12,3,66.0,True,37.04
978,12,3,30.0,True,37.04
979,12,3,0.0,False,37.04
980,12,3,77.0,True,37.04
981,12,3,0.0,True,37.04
982,12,3,41.0,True,37.04
983,12,3,40.0,True,37.04
984,12,3,9.0,True,37.04
985,12,3,0.0,False,37.04
986,12,3,0.0,False,37.04
987,12,3,13.0,True,37.04
988,12,3,46.0,True,37.04
989,12,3,8.0,True,37.04
990,12,3,0.0,True,37.04
991,12,3,68.0,True,37.04
992,12,3,54.0,True,37.04
993,12,3,0.0,True,37.04
994,12,3,0.0,True,37.04
995,12,3,67.0,True,37.04
996,12,3,0.0,False,37.04
997,12,3,90.0,True,37.04
998,12,3,74.0,True,37.04
999,12,3,0.0,True,37.04
1000,12,3,0.0,True,37.04
1001,12,1,0.0,False,48.0
1002,12,3,0.0,False,37.04
1003,12,3,87.0,True,37.04
1004,12,3,19.0,True,37.04
1005,12,3,9.0,True,37.04
1006,12,3,30.0,False,37.04
1007,12,5,9.0,True,9.0
1008,12,3,21.0,True,37.04
1009,12,3,57.0,True,37.04
1010,12,3,71.0,True,37.04
1011,12,2,9.0,True,9.0
1012,12,3,0.0,False,37.04
1013,12,3,0.0,True,37.04
1014,12,3,74.0,True,37.04
1015,12,3,28.0,False,37.04
1016,12,3,8.0,True,37.04
1017,12,4,8.0,True,8.0
1018,12,3,47.0,True,37.04
1019,12,3,67.0,True,37.04
1020,12,3,8.0,False,37.04
1021,12,3,85.0,True,37.04
1022,12,3,39.0,False,37.04
1023,12,3,67.0,True,37.04
1024,12,3,55.0,True,37.04
1025,12,3,8.0,False,37.04
1026,12,3,9.0,True,37.04
1027,12,3,8.0,True,37.04
1028,12,3,33.0,True,37.04
1029,12,3,8.0,True,37.04
1030,12,3,59.0,True,37.04
1031,12,3,0.0,True,37.04
1032,12,3,0.0,False,37.04
1033,12,3,7.0,True,37.04
1034,12,3,60.0,True,37.04
1035,12,3,8.0,True,37.04
1036,12,3,65.0,True,37.04
1037,12,3,24.0,False,37.04
1038,12,3,9.0,True,37.04
1039,12,3,77.0,True,37.04
1040,13,3,60.0,True,36.648648648648646
1041,13,3,0.0,True,36.648648648648646
1042,13,3,28.0,True,36.648648648648646
1043,13,3,83.0,True,36.648648648648646
1044,13,3,32.0,True,36.648648648648646
1045,13,1,0.0,True,4.5
1046,13,3,84.0,True,36.648648648648646
1047,13,3,55.0,True,36.648648648648646
1048,13,3,0.0,True,36.648648648648646
1049,13,3,59.0,True,36.648648648648646
1050,13,3,66.0,True,36.648648648648646
1051,13,3,87.0,True,36.648648648648646
1052,13,3,66.0,True,36.648648648648646
1053,13,3,33.0,True,36.648648648648646
1054,13,3,9.0,True,36.648648648648646
1055,13,3,43.0,False,36.648648648648646
1056,13,3,75.0,True,36.648648648648646
1057,13,3,0.0,True,36.648648648648646
1058,13,3,0.0,True,36.648648648648646
1059,13,3,30.0,True,36.648648648648646
1060,13,3,36.0,False,36.648648648648646
1061,13,3,54.0,True,36.648648648648646
1062,13,3,18.0,True,36.648648648648646
1063,13,3,46.0,True,36.648648648648646
1064,13,3,8.0,True,36.648648648648646
1065,13,3,51.0,True,36.648648648648646
1066,13,3,63.0,True,36.648648648648646
1067,13,3,25.0,True,36.648648648648646
1068,13,3,71.0,True,36.648648648648646
1069,13,3,55.0,True,36.648648648648646
1070,13,3,65.0,True,36.648648648648646
1071,13,3,60.0,True,36.648648648648646
1072,13,3,0.0,True,36.648648648648646
1073,13,3,0.0,True,36.648648648648646
1074,13,3,0.0,True,36.648648648648646
1075,13,3,30.0,True,36.648648648648646
1076,13,3,8.0,True,36.648648648648646
1077,13,3,8.0,True,36.648648648648646
1078,13,5,9.0,True,9.0
1079,13,3,0.0,False,36.648648648648646
1080,13,3,90.0,True,36.648648648648646
1081,13,3,58.0,True,36.648648648648646
1082,13,1,9.0,True,4.5
1083,13,3,0.0,True,36.648648648648646
1084,13,3,80.0,True,36.648648648648646
1085,13,3,9.0,True,36.648648648648646
1086,13,4,9.0,False,9.0
1087,13,3,0.0,False,36.648648648648646
1088,13,3,0.0,True,36.648648648648646
1089,13,3,51.0,True,36.648648648648646
1090,13,3,76.0,True,36.648648648648646
1091,13,3,49.0,True,36.648648648648646
1092,13,3,32.0,True,36.648648648648646
1093,13,3,9.0,False,36.648648648648646
1094,13,3,23.0,True,36.648648648648646
1095,13,3,9.0,False,36.648648648648646
1096,13,3,82.0,True,36.648648648648646
1097,13,3,37.0,True,36.648648648648646
1098,13,2,9.0,True,8.5
1099,13,3,65.0,True,36.648648648648646
1100,13,3,9.0,False,36.648648648648646
1101,13,3,80.0,True,36.648648648648646
1102,13,2,8.0,True,8.5
1103,13,3,0.0,True,36.648648648648646
1104,13,3,51.0,True,36.648648648648646
1105,13,3,51.0,True,36.648648648648646
1106,13,3,74.0,True,36.648648648648646
1107,13,3,40.0,True,36.648648648648646
1108,13,3,74.0,True,36.648648648648646
1109,13,3,27.0,False,36.648648648648646
1110,13,3,8.0,False,36.648648648648646
1111,13,3,85.0,True,36.648648648648646
1112,13,3,0.0,True,36.648648648648646
1113,13,3,0.0,False,36.648648648648646
1114,13,3,0.0,True,36.648648648648646
1115,13,3,58.0,True,36.648648648648646
1116,13,3,0.0,True,36.648648648648646
1117,13,3,21.0,True,36.648648648648646
1118,13,3,0.0,True,36.648648648648646
1119,13,3,56.0,True,36.648648648648646
1120,14,4,63.0,True,46.05479452054794
1121,14,4,0.0,True,46.05479452054794
1122,14,4,44.0,True,46.05479452054794
1123,14,4,76.0,True,46.05479452054794
1124,14,4,63.0,True,46.05479452054794
1125,14,1,97.0,True,48.5
1126,14,4,78.0,True,46.05479452054794
1127,14,4,73.0,True,46.05479452054794
1128,14,4,48.0,True,46.05479452054794
1129,14,4,38.0,True,46.05479452054794
1130,14,4,70.0,True,46.05479452054794
1131,14,4,70.0,True,46.05479452054794
1132,14,4,0.0,False,46.05479452054794
1133,14,4,55.0,True,46.05479452054794
1134,14,4,9.0,True,46.05479452054794
1135,14,4,0.0,True,46.05479452054794
1136,14,4,91.0,True,46.05479452054794
1137,14,4,54.0,True,46.05479452054794
1138,14,4,72.0,True,46.05479452054794
1139,14,4,19.0,True,46.05479452054794
1140,14,4,17.0,True,46.05479452054794
1141,14,4,32.0,True,46.05479452054794
1142,14,4,9.0,True,46.05479452054794
1143,14,4,36.0,True,46.05479452054794
1144,14,4,47.0,True,46.05479452054794
1145,14,4,88.0,True,46.05479452054794
1146,14,4,0.0,False,46.05479452054794
1147,14,4,85.0,True,46.05479452054794
1148,14,4,0.0,True,46.05479452054794
1149,14,4,39.0,False,46.05479452054794
1150,14,4,51.0,True,46.05479452054794
1151,14,4,45.0,False,46.05479452054794
1152,14,4,82.0,True,46.05479452054794
1153,14,4,89.0,True,46.05479452054794
1154,14,4,14.0,True,46.05479452054794
1155,14,4,9.0,False,46.05479452054794
1156,14,5,9.0,True,9.0
1157,14,4,94.0,True,46.05479452054794
1158,14,4,94.0,True,46.05479452054794
1159,14,2,8.0,True,8.0
1160,14,4,0.0,True,46.05479452054794
1161,14,4,58.0,True,46.05479452054794
1162,14,4,24.0,True,46.05479452054794
1163,14,4,53.0,True,46.05479452054794
1164,14,4,52.0,True,46.05479452054794
1165,14,4,57.0,True,46.05479452054794
1166,14,4,90.0,True,46.05479452054794
1167,14,4,8.0,False,46.05479452054794
1168,14,4,60.0,True,46.05479452054794
1169,14,4,20.0,True,46.05479452054794
1170,14,4,86.0,True,46.05479452054794
1171,14,3,10.0,True,8.5
1172,14,4,44.0,True,46.05479452054794
1173,14,4,48.0,True,46.05479452054794
1174,14,3,7.0,True,8.5
1175,14,4,74.0,True,46.05479452054794
1176,14,4,83.0,True,46.05479452054794
1177,14,4,27.0,True,46.05479452054794
1178,14,4,0.0,True,46.05479452054794
1179,14,4,87.0,True,46.05479452054794
1180,14,4,56.0,True,46.05479452054794
1181,14,4,0.0,False,46.05479452054794
1182,14,4,55.0,True,46.05479452054794
1183,14,4,80.0,True,46.05479452054794
1184,14,4,90.0,True,46.05479452054794
1185,14,4,0.0,False,46.05479452054794
1186,14,4,23.0,True,46.05479452054794
1187,14,4,0.0,True,46.05479452054794
1188,14,4,83.0,True,46.05479452054794
1189,14,4,9.0,True,46.05479452054794
1190,14,4,63.0,True,46.05479452054794
1191,14,4,60.0,True,46.05479452054794
1192,14,1,0.0,False,48.5
1193,14,4,85.0,True,46.05479452054794
1194,14,4,8.0,False,46.05479452054794
1195,14,2,8.0,False,8.0
1196,14,4,0.0,True,46.05479452054794
1197,14,4,9.0,True,46.05479452054794
1198,14,4,45.0,True,46.05479452054794
1199,14,4,71.0,True,46.05479452054794
1200,15,4,60.0,True,40.486486486486505
1201,15,4,91.0,True,40.486486486486505
1202,15,4,31.0,True,40.486486486486505
1203,15,4,90.0,True,40.486486486486505
1204,15,4,21.0,False,40.486486486486505
1205,15,1,0.0,False,0.0
1206,15,4,82.0,True,40.486486486486505
1207,15,4,70.0,True,40.486486486486505
1208,15,4,68.0,True,40.486486486486505
1209,15,4,59.0,True,40.486486486486505
1210,15,4,58.0,True,40.486486486486505
1211,15,4,65.0,True,40.486486486486505
1212,15,4,32.0,False,40.486486486486505
1213,15,4,8.0,True,40.486486486486505
1214,15,4,31.0,False,40.486486486486505
1215,15,4,0.0,False,40.486486486486505
1216,15,4,87.0,True,40.486486486486505
1217,15,4,22.0,False,40.486486486486505
1218,15,4,9.0,True,40.486486486486505
1219,15,4,8.0,False,40.486486486486505
1220,15,4,74.0,True,40.486486486486505
1221,15,4,7.0,True,40.486486486486505
1222,15,4,30.0,True,40.486486486486505
1223,15,4,40.0,True,40.486486486486505
1224,15,4,34.0,True,40.486486486486505
1225,15,4,57.0,True,40.486486486486505
1226,15,4,56.0,True,40.486486486486505
1227,15,4,48.0,True,40.486486486486505
1228,15,4,0.0,False,40.486486486486505
1229,15,4,36.0,True,40.486486486486505
1230,15,4,42.0,True,40.486486486486505
1231,15,5,9.0,False,9.0
1232,15,4,45.0,True,40.486486486486505
1233,15,4,95.0,True,40.486486486486505
1234,15,2,8.0,True,8.0
1235,15,4,59.0,True,40.486486486486505
1236,15,4,31.0,False,40.486486486486505
1237,15,4,9.0,True,40.486486486486505
1238,15,4,56.0,True,40.486486486486505
1239,15,4,0.0,True,40.486486486486505
1240,15,4,56.0,True,40.486486486486505
1241,15,4,88.0,True,40.486486486486505
1242,15,4,81.0,True,40.486486486486505
1243,15,4,31.0,True,40.486486486486505
1244,15,4,27.0,False,40.486486486486505
1245,15,3,9.0,False,9.0
1246,15,4,19.0,True,40.486486486486505
1247,15,4,42.0,False,40.486486486486505
1248,15,3,9.0,False,9.0
1249,15,4,0.0,False,40.486486486486505
1250,15,4,86.0,True,40.486486486486505
1251,15,4,75.0,True,40.486486486486505
1252,15,4,96.0,True,40.486486486486505
1253,15,4,25.0,True,40.486486486486505
1254,15,4,0.0,False,40.486486486486505
1255,15,4,89.0,True,40.486486486486505
1256,15,4,0.0,False,40.486486486486505
1257,15,4,38.0,True,40.486486486486505
1258,15,4,75.0,True,40.486486486486505
1259,15,4,0.0,True,40.486486486486505
1260,15,4,0.0,False,40.486486486486505
1261,15,4,11.0,True,40.486486486486505
1262,15,4,47.0,True,40.486486486486505
1263,15,4,63.0,True,40.486486486486505
1264,15,4,0.0,True,40.486486486486505
1265,15,4,0.0,True,40.486486486486505
1266,15,4,7.0,False,40.486486486486505
1267,15,4,39.0,True,40.486486486486505
1268,15,4,0.0,True,40.486486486486505
1269,15,4,0.0,True,40.486486486486505
1270,15,4,63.0,True,40.486486486486505
1271,15,3,9.0,True,9.0
1272,15,4,8.0,True,40.486486486486505
1273,15,4,66.0,True,40.486486486486505
1274,15,4,22.0,False,40.486486486486505
1275,15,4,0.0,True,40.486486486486505
1276,15,4,84.0,True,40.486486486486505
1277,15,4,63.0,True,40.486486486486505
1278,15,4,0.0,False,40.486486486486505
1279,15,4,84.0,True,40.486486486486505
1280,16,4,50.0,True,42.97297297297298
1281,16,4,68.0,True,42.97297297297298
1282,16,4,0.0,True,42.97297297297298
1283,16,4,39.0,True,42.97297297297298
1284,16,4,60.0,True,42.97297297297298
1285,16,4,56.0,True,42.97297297297298
1286,16,4,0.0,True,42.97297297297298
1287,16,4,39.0,True,42.97297297297298
1288,16,4,70.0,True,42.97297297297298
1289,16,4,41.0,True,42.97297297297298
1290,16,4,8.0,True,42.97297297297298
1291,16,4,72.0,True,42.97297297297298
1292,16,4,9.0,True,42.97297297297298
1293,16,4,43.0,True,42.97297297297298
1294,16,4,8.0,True,42.97297297297298
1295,16,4,88.0,True,42.97297297297298
1296,16,4,69.0,True,42.97297297297298
1297,16,4,85.0,True,42.97297297297298
1298,16,4,61.0,True,42.97297297297298
1299,16,4,55.0,True,42.97297297297298
1300,16,4,73.0,True,42.97297297297298
1301,16,5,42.0,True,42.0
1302,16,4,8.0,True,42.97297297297298
1303,16,4,51.0,True,42.97297297297298
1304,16,4,0.0,True,42.97297297297298
1305,16,2,8.0,True,8.0
1306,16,4,0.0,True,42.97297297297298
1307,16,4,9.0,True,42.97297297297298
1308,16,4,70.0,True,42.97297297297298
1309,16,4,86.0,True,42.97297297297298
1310,16,4,76.0,True,42.97297297297298
1311,16,4,37.0,True,42.97297297297298
1312,16,4,0.0,False,42.97297297297298
1313,16,4,50.0,True,42.97297297297298
1314,16,4,45.0,True,42.97297297297298
1315,16,4,0.0,True,42.97297297297298
1316,16,4,0.0,True,42.97297297297298
1317,16,4,83.0,True,42.97297297297298
1318,16,4,26.0,True,42.97297297297298
1319,16,4,74.0,True,42.97297297297298
1320,16,4,80.0,True,42.97297297297298
1321,16,4,22.0,True,42.97297297297298
1322,16,4,68.0,True,42.97297297297298
1323,16,4,8.0,False,42.97297297297298
1324,16,4,0.0,True,42.97297297297298
1325,16,4,74.0,True,42.97297297297298
1326,16,4,66.0,True,42.97297297297298
1327,16,4,59.0,True,42.97297297297298
1328,16,4,36.0,True,42.97297297297298
1329,16,4,59.0,True,42.97297297297298
1330,16,4,0.0,True,42.97297297297298
1331,16,4,76.0,True,42.97297297297298
1332,16,3,8.0,True,7.5
1333,16,4,8.0,False,42.97297297297298
1334,16,4,50.0,True,42.97297297297298
1335,16,4,0.0,True,42.97297297297298
1336,16,4,73.0,True,42.97297297297298
1337,16,4,60.0,True,42.97297297297298
1338,16,4,89.0,True,42.97297297297298
1339,16,4,71.0,True,42.97297297297298
1340,16,4,33.0,True,42.97297297297298
1341,16,4,38.0,True,42.97297297297298
1342,16,3,7.0,True,7.5
1343,16,4,24.0,False,42.97297297297298
1344,16,4,58.0,True,42.97297297297298
1345,16,4,9.0,True,42.97297297297298
1346,16,4,0.0,False,42.97297297297298
1347,16,4,12.0,False,42.97297297297298
1348,16,4,27.0,True,42.97297297297298
1349,16,4,0.0,True,42.97297297297298
1350,16,4,68.0,True,42.97297297297298
1351,16,4,34.0,False,42.97297297297298
1352,16,1,0.0,True,0.0
1353,16,4,83.0,True,42.97297297297298
1354,16,4,20.0,False,42.97297297297298
1355,16,4,32.0,True,42.97297297297298
1356,16,4,53.0,True,42.97297297297298
1357,16,4,83.0,True,42.97297297297298
1358,16,4,98.0,True,42.97297297297298
1359,16,1,0.0,True,0.0
1360,17,3,84.0,True,41.24657534246577
1361,17,3,50.0,True,41.24657534246577
1362,17,3,46.0,True,41.24657534246577
1363,17,3,73.0,True,41.24657534246577
1364,17,3,37.0,True,41.24657534246577
1365,17,3,69.0,True,41.24657534246577
1366,17,3,0.0,True,41.24657534246577
1367,17,3,33.0,True,41.24657534246577
1368,17,3,82.0,True,41.24657534246577
1369,17,3,61.0,True,41.24657534246577
1370,17,3,8.0,False,41.24657534246577
1371,17,3,0.0,True,41.24657534246577
1372,17,3,22.0,True,41.24657534246577
1373,17,3,30.0,True,41.24657534246577
1374,17,3,7.0,True,41.24657534246577
1375,17,3,51.0,True,41.24657534246577
1376,17,3,68.0,True,41.24657534246577
1377,17,3,32.0,False,41.24657534246577
1378,17,3,60.0,True,41.24657534246577
1379,17,3,57.0,True,41.24657534246577
1380,17,3,71.0,True,41.24657534246577
1381,17,4,30.0,True,30.0
1382,17,3,26.0,False,41.24657534246577
1383,17,3,50.0,True,41.24657534246577
1384,17,3,78.0,True,41.24657534246577
1385,17,5,8.0,True,8.0
1386,17,3,95.0,True,41.24657534246577
1387,17,3,11.0,True,41.24657534246577
1388,17,3,49.0,True,41.24657534246577
1389,17,3,73.0,True,41.24657534246577
1390,17,3,43.0,True,41.24657534246577
1391,17,3,37.0,False,41.24657534246577
1392,17,3,51.0,True,41.24657534246577
1393,17,3,51.0,True,41.24657534246577
1394,17,3,0.0,False,41.24657534246577
1395,17,3,34.0,False,41.24657534246577
1396,17,3,62.0,True,41.24657534246577
1397,17,3,42.0,False,41.24657534246577
1398,17,3,71.0,True,41.24657534246577
1399,17,3,0.0,True,41.24657534246577
1400,17,3,64.0,True,41.24657534246577
1401,17,3,0.0,False,41.24657534246577
1402,17,3,69.0,True,41.24657534246577
1403,17,3,58.0,True,41.24657534246577
1404,17,3,0.0,True,41.24657534246577
1405,17,3,0.0,True,41.24657534246577
1406,17,3,72.0,True,41.24657534246577
1407,17,3,0.0,False,41.24657534246577
1408,17,3,0.0,True,41.24657534246577
1409,17,3,54.0,True,41.24657534246577
1410,17,1,8.0,True,8.333333333333332
1411,17,3,81.0,True,41.24657534246577
1412,17,3,55.0,True,41.24657534246577
1413,17,3,37.0,True,41.24657534246577
1414,17,3,0.0,False,41.24657534246577
1415,17,3,0.0,False,41.24657534246577
1416,17,3,43.0,True,41.24657534246577
1417,17,3,26.0,False,41.24657534246577
1418,17,3,28.0,True,41.24657534246577
1419,17,1,9.0,True,8.333333333333332
1420,17,3,82.0,True,41.24657534246577
1421,17,3,9.0,True,41.24657534246577
1422,17,3,36.0,True,41.24657534246577
1423,17,3,0.0,False,41.24657534246577
1424,17,3,26.0,True,41.24657534246577
1425,17,2,50.0,False,54.0
1426,17,3,0.0,False,41.24657534246577
1427,17,3,67.0,True,41.24657534246577
1428,17,3,67.0,True,41.24657534246577
1429,17,3,49.0,True,41.24657534246577
1430,17,3,67.0,True,41.24657534246577
1431,17,2,58.0,True,54.0
1432,17,3,33.0,True,41.24657534246577
1433,17,3,77.0,True,41.24657534246577
1434,17,3,48.0,True,41.24657534246577
1435,17,3,68.0,True,41.24657534246577
1436,17,3,0.0,True,41.24657534246577
1437,17,1,8.0,True,8.333333333333332
1438,17,3,9.0,True,41.24657534246577
1439,17,3,72.0,True,41.24657534246577
1440,18,3,49.0,True,41.5138888888889
1441,18,3,64.0,True,41.5138888888889
1442,18,3,30.0,True,41.5138888888889
1443,18,3,80.0,True,41.5138888888889
1444,18,3,0.0,True,41.5138888888889
1445,18,3,54.0,True,41.5138888888889
1446,18,3,92.0,True,41.5138888888889
1447,18,3,57.0,True,41.5138888888889
1448,18,3,75.0,True,41.5138888888889
1449,18,3,96.0,True,41.5138888888889
1450,18,3,0.0,True,41.5138888888889
1451,18,3,8.0,False,41.5138888888889
1452,18,3,0.0,True,41.5138888888889
1453,18,3,7.0,True,41.5138888888889
1454,18,3,28.0,True,41.5138888888889
1455,18,3,0.0,True,41.5138888888889
1456,18,3,68.0,True,41.5138888888889
1457,18,3,49.0,True,41.5138888888889
1458,18,3,47.0,True,41.5138888888889
1459,18,4,56.0,True,56.0
1460,18,3,35.0,True,41.5138888888889
1461,18,3,90.0,True,41.5138888888889
1462,18,5,8.0,True,8.0
1463,18,3,53.0,True,41.5138888888889
1464,18,3,7.0,False,41.5138888888889
1465,18,3,59.0,True,41.5138888888889
1466,18,3,73.0,True,41.5138888888889
1467,18,3,81.0,True,41.5138888888889
1468,18,3,37.0,False,41.5138888888889
1469,18,3,39.0,True,41.5138888888889
1470,18,3,78.0,True,41.5138888888889
1471,18,3,0.0,True,41.5138888888889
1472,18,3,0.0,True,41.5138888888889
1473,18,3,25.0,True,41.5138888888889
1474,18,3,0.0,True,41.5138888888889
1475,18,3,62.0,True,41.5138888888889
1476,18,3,0.0,True,41.5138888888889
1477,18,3,64.0,True,41.5138888888889
1478,18,3,36.0,False,41.5138888888889
1479,18,3,0.0,True,41.5138888888889
1480,18,3,83.0,True,41.5138888888889
1481,18,1,8.0,True,8.25
1482,18,3,22.0,False,41.5138888888889
1483,18,3,90.0,True,41.5138888888889
1484,18,3,38.0,True,41.5138888888889
1485,18,3,63.0,True,41.5138888888889
1486,18,3,38.0,True,41.5138888888889
1487,18,1,9.0,True,8.25
1488,18,3,70.0,True,41.5138888888889
1489,18,3,8.0,True,41.5138888888889
1490,18,3,0.0,True,41.5138888888889
1491,18,3,20.0,False,41.5138888888889
1492,18,3,64.0,True,41.5138888888889
1493,18,3,21.0,True,41.5138888888889
1494,18,3,67.0,True,41.5138888888889
1495,18,3,90.0,True,41.5138888888889
1496,18,2,0.0,True,0.0
1497,18,3,71.0,True,41.5138888888889
1498,18,3,60.0,True,41.5138888888889
1499,18,3,93.0,True,41.5138888888889
1500,18,3,60.0,True,41.5138888888889
1501,18,3,0.0,False,41.5138888888889
1502,18,1,8.0,False,8.25
1503,18,3,7.0,False,41.5138888888889
1504,18,3,60.0,True,41.5138888888889
1505,18,3,0.0,False,41.5138888888889
1506,18,3,0.0,True,41.5138888888889
1507,18,2,0.0,True,0.0
1508,18,3,53.0,True,41.5138888888889
1509,18,3,0.0,True,41.5138888888889
1510,18,3,37.0,True,41.5138888888889
1511,18,3,38.0,True,41.5138888888889
1512,18,3,33.0,False,41.5138888888889
1513,18,1,8.0,False,8.25
1514,18,3,62.0,True,41.5138888888889
1515,18,3,75.0,True,41.5138888888889
1516,18,3,8.0,False,41.5138888888889
1517,18,3,78.0,True,41.5138888888889
1518,18,3,37.0,True,41.5138888888889
1519,18,3,0.0,True,41.5138888888889
1520,19,3,58.0,True,45.458333333333336
1521,19,3,77.0,True,45.458333333333336
1522,19,3,51.0,True,45.458333333333336
1523,19,3,0.0,True,45.458333333333336
1524,19,3,38.0,False,45.458333333333336
1525,19,3,21.0,True,45.458333333333336
1526,19,3,0.0,True,45.458333333333336
1527,19,3,71.0,True,45.458333333333336
1528,19,3,88.0,True,45.458333333333336
1529,19,3,76.0,True,45.458333333333336
1530,19,3,0.0,True,45.458333333333336
1531,19,3,49.0,True,45.458333333333336
1532,19,3,8.0,False,45.458333333333336
1533,19,3,59.0,True,45.458333333333336
1534,19,3,85.0,True,45.458333333333336
1535,19,3,96.0,True,45.458333333333336
1536,19,3,79.0,True,45.458333333333336
1537,19,3,77.0,True,45.458333333333336
1538,19,5,30.0,True,30.0
1539,19,3,56.0,True,45.458333333333336
1540,19,3,65.0,True,45.458333333333336
1541,19,4,7.0,False,7.0
1542,19,3,97.0,True,45.458333333333336
1543,19,3,68.0,True,45.458333333333336
1544,19,3,68.0,True,45.458333333333336
1545,19,3,74.0,True,45.458333333333336
1546,19,3,31.0,True,45.458333333333336
1547,19,3,78.0,True,45.458333333333336
1548,19,3,0.0,False,45.458333333333336
1549,19,3,85.0,True,45.458333333333336
1550,19,3,21.0,True,45.458333333333336
1551,19,3,0.0,False,45.458333333333336
1552,19,3,61.0,True,45.458333333333336
1553,19,3,58.0,True,45.458333333333336
1554,19,3,73.0,True,45.458333333333336
1555,19,3,0.0,True,45.458333333333336
1556,19,3,0.0,True,45.458333333333336
1557,19,1,9.0,True,9.5
1558,19,3,0.0,False,45.458333333333336
1559,19,3,43.0,False,45.458333333333336
1560,19,3,46.0,True,45.458333333333336
1561,19,3,53.0,True,45.458333333333336
1562,19,1,10.0,True,9.5
1563,19,3,36.0,False,45.458333333333336
1564,19,3,8.0,True,45.458333333333336
1565,19,3,80.0,True,45.458333333333336
1566,19,3,55.0,True,45.458333333333336
1567,19,3,26.0,False,45.458333333333336
1568,19,3,37.0,True,45.458333333333336
1569,19,3,27.0,False,45.458333333333336
1570,19,2,43.0,True,38.5
1571,19,3,54.0,True,45.458333333333336
1572,19,3,74.0,True,45.458333333333336
1573,19,3,0.0,True,45.458333333333336
1574,19,3,0.0,True,45.458333333333336
1575,19,3,47.0,True,45.458333333333336
1576,19,3,0.0,True,45.458333333333336
1577,19,2,0.0,True,38.5
1578,19,3,88.0,True,45.458333333333336
1579,19,3,66.0,True,45.458333333333336
1580,19,3,67.0,True,45.458333333333336
1581,19,3,20.0,True,45.458333333333336
1582,19,3,54.0,True,45.458333333333336
1583,19,3,83.0,True,45.458333333333336
1584,19,3,92.0,True,45.458333333333336
1585,19,3,77.0,True,45.458333333333336
1586,19,3,0.0,True,45.458333333333336
1587,19,3,57.0,True,45.458333333333336
1588,19,3,0.0,False,45.458333333333336
1589,19,3,0.0,False,45.458333333333336
1590,19,3,64.0,True,45.458333333333336
1591,19,3,0.0,True,45.458333333333336
1592,19,3,60.0,True,45.458333333333336
1593,19,3,76.0,True,45.458333333333336
1594,19,2,56.0,True,38.5
1595,19,3,48.0,False,45.458333333333336
1596,19,3,0.0,True,45.458333333333336
1597,19,3,25.0,True,45.458333333333336
1598,19,3,42.0,False,45.458333333333336
1599,19,2,55.0,True,38.5
1600,20,4,62.0,True,47.57894736842105
1601,20,4,50.0,True,47.57894736842105
1602,20,4,39.0,True,47.57894736842105
1603,20,4,46.0,False,47.57894736842105
1604,20,4,47.0,True,47.57894736842105
1605,20,4,68.0,True,47.57894736842105
1606,20,4,25.0,True,47.57894736842105
1607,20,4,69.0,True,47.57894736842105
1608,20,4,66.0,True,47.57894736842105
1609,20,3,0.0,True,37.125
1610,20,4,37.0,False,47.57894736842105
1611,20,4,0.0,True,47.57894736842105
1612,20,4,70.0,True,47.57894736842105
1613,20,4,0.0,True,47.57894736842105
1614,20,3,54.0,True,37.125
1615,20,4,68.0,True,47.57894736842105
1616,20,5,0.0,True,0.0
1617,20,4,58.0,True,47.57894736842105
1618,20,4,75.0,True,47.57894736842105
1619,20,4,52.0,True,47.57894736842105
1620,20,3,64.0,True,37.125
1621,20,3,47.0,True,37.125
1622,20,4,70.0,True,47.57894736842105
1623,20,4,46.0,True,47.57894736842105
1624,20,4,0.0,True,47.57894736842105
1625,20,4,52.0,True,47.57894736842105
1626,20,4,48.0,True,47.57894736842105
1627,20,4,63.0,True,47.57894736842105
1628,20,3,55.0,True,37.125
1629,20,3,70.0,True,37.125
1630,20,3,0.0,True,37.125
1631,20,4,74.0,True,47.57894736842105
1632,20,1,9.0,True,9.0
1633,20,4,31.0,True,47.57894736842105
1634,20,4,22.0,True,47.57894736842105
1635,20,1,9.0,False,9.0
1636,20,4,9.0,True,47.57894736842105
1637,20,4,42.0,True,47.57894736842105
1638,20,4,72.0,True,47.57894736842105
1639,20,4,67.0,True,47.57894736842105
1640,20,2,95.0,True,34.5
1641,20,4,36.0,False,47.57894736842105
1642,20,3,78.0,True,37.125
1643,20,4,61.0,True,47.57894736842105
1644,20,3,90.0,True,37.125
1645,20,4,49.0,True,47.57894736842105
1646,20,3,0.0,True,37.125
1647,20,2,0.0,True,34.5
1648,20,4,0.0,True,47.57894736842105
1649,20,4,94.0,True,47.57894736842105
1650,20,4,36.0,True,47.57894736842105
1651,20,4,50.0,True,47.57894736842105
1652,20,4,0.0,True,47.57894736842105
1653,20,3,0.0,True,37.125
1654,20,3,0.0,True,37.125
1655,20,4,77.0,True,47.57894736842105
1656,20,4,51.0,True,47.57894736842105
1657,20,4,75.0,True,47.57894736842105
1658,20,4,0.0,True,47.57894736842105
1659,20,3,78.0,True,37.125
1660,20,4,62.0,True,47.57894736842105
1661,20,4,56.0,True,47.57894736842105
1662,20,2,43.0,True,34.5
1663,20,4,37.0,True,47.57894736842105
1664,20,4,59.0,True,47.57894736842105
1665,20,2,0.0,False,34.5
1666,20,4,71.0,True,47.57894736842105
1667,20,4,0.0,False,47.57894736842105
1668,20,4,65.0,True,47.57894736842105
1669,20,4,79.0,True,47.57894736842105
1670,20,3,0.0,False,37.125
1671,20,4,0.0,True,47.57894736842105
1672,20,3,0.0,True,37.125
1673,20,4,63.0,True,47.57894736842105
1674,20,4,59.0,True,47.57894736842105
1675,20,4,38.0,True,47.57894736842105
1676,20,4,53.0,True,47.57894736842105
1677,20,3,58.0,True,37.125
1678,20,4,23.0,True,47.57894736842105
1679,20,4,90.0,True,47.57894736842105
1680,21,4,72.0,True,53.03508771929825
1681,21,4,63.0,True,53.03508771929825
1682,21,4,0.0,True,53.03508771929825
1683,21,4,19.0,False,53.03508771929825
1684,21,4,0.0,True,53.03508771929825
1685,21,4,68.0,True,53.03508771929825
1686,21,4,67.0,True,53.03508771929825
1687,21,4,97.0,True,53.03508771929825
1688,21,3,0.0,True,20.375
1689,21,4,71.0,True,53.03508771929825
1690,21,4,75.0,True,53.03508771929825
1691,21,4,68.0,True,53.03508771929825
1692,21,3,0.0,False,20.375
1693,21,4,0.0,True,53.03508771929825
1694,21,5,51.0,True,51.0
1695,21,4,33.0,True,53.03508771929825
1696,21,4,70.0,True,53.03508771929825
1697,21,4,78.0,True,53.03508771929825
1698,21,3,0.0,True,20.375
1699,21,3,0.0,True,20.375
1700,21,4,72.0,True,53.03508771929825
1701,21,4,76.0,True,53.03508771929825
1702,21,4,56.0,True,53.03508771929825
1703,21,4,65.0,True,53.03508771929825
1704,21,4,86.0,True,53.03508771929825
1705,21,4,60.0,True,53.03508771929825
1706,21,3,0.0,True,20.375
1707,21,3,74.0,True,20.375
1708,21,3,0.0,True,20.375
1709,21,4,90.0,True,53.03508771929825
1710,21,1,9.0,True,9.0
1711,21,4,27.0,True,53.03508771929825
1712,21,4,31.0,True,53.03508771929825
1713,21,4,9.0,True,53.03508771929825
1714,21,4,0.0,True,53.03508771929825
1715,21,4,66.0,True,53.03508771929825
1716,21,4,32.0,True,53.03508771929825
1717,21,2,0.0,True,25.5
1718,21,3,0.0,False,20.375
1719,21,4,49.0,True,53.03508771929825
1720,21,3,51.0,True,20.375
1721,21,4,35.0,False,53.03508771929825
1722,21,3,0.0,False,20.375
1723,21,2,50.0,True,25.5
1724,21,4,82.0,True,53.03508771929825
1725,21,4,93.0,True,53.03508771929825
1726,21,4,63.0,True,53.03508771929825
1727,21,4,52.0,True,53.03508771929825
1728,21,4,0.0,True,53.03508771929825
1729,21,3,53.0,True,20.375
1730,21,3,0.0,True,20.375
1731,21,4,80.0,True,53.03508771929825
1732,21,4,82.0,True,53.03508771929825
1733,21,4,51.0,True,53.03508771929825
1734,21,4,0.0,True,53.03508771929825
1735,21,3,94.0,True,20.375
1736,21,4,49.0,True,53.03508771929825
1737,21,4,82.0,True,53.03508771929825
1738,21,2,52.0,True,25.5
1739,21,4,43.0,True,53.03508771929825
1740,21,4,26.0,True,53.03508771929825
1741,21,4,0.0,True,53.03508771929825
1742,21,4,71.0,True,53.03508771929825
1743,21,4,75.0,True,53.03508771929825
1744,21,4,78.0,True,53.03508771929825
1745,21,3,0.0,True,20.375
1746,21,4,78.0,True,53.03508771929825
1747,21,4,55.0,True,53.03508771929825
1748,21,4,37.0,True,53.03508771929825
1749,21,4,67.0,True,53.03508771929825
1750,21,3,0.0,True,20.375
1751,21,4,42.0,True,53.03508771929825
1752,21,4,96.0,True,53.03508771929825
1753,21,3,54.0,True,20.375
1754,21,4,31.0,True,53.03508771929825
1755,21,4,62.0,True,53.03508771929825
1756,21,4,48.0,False,53.03508771929825
1757,21,4,45.0,True,53.03508771929825
1758,21,2,0.0,True,25.5
1759,21,1,9.0,True,9.0
1760,22,4,64.0,True,47.32203389830511
1761,22,4,41.0,True,47.32203389830511
1762,22,4,18.0,False,47.32203389830511
1763,22,4,88.0,True,47.32203389830511
1764,22,4,81.0,True,47.32203389830511
1765,22,4,70.0,True,47.32203389830511
1766,22,4,70.0,True,47.32203389830511
1767,22,3,0.0,False,23.76923076923077
1768,22,4,41.0,True,47.32203389830511
1769,22,4,42.0,False,47.32203389830511
1770,22,4,0.0,False,47.32203389830511
1771,22,4,69.0,True,47.32203389830511
1772,22,5,86.0,False,86.0
1773,22,4,69.0,True,47.32203389830511
1774,22,4,0.0,True,47.32203389830511
1775,22,4,0.0,True,47.32203389830511
1776,22,3,0.0,True,23.76923076923077
1777,22,3,0.0,True,23.76923076923077
1778,22,4,72.0,True,47.32203389830511
1779,22,4,30.0,True,47.32203389830511
1780,22,4,81.0,True,47.32203389830511
1781,22,4,0.0,True,47.32203389830511
1782,22,4,75.0,True,47.32203389830511
1783,22,4,74.0,True,47.32203389830511
1784,22,3,0.0,True,23.76923076923077
1785,22,3,89.0,True,23.76923076923077
1786,22,3,0.0,True,23.76923076923077
1787,22,4,0.0,True,47.32203389830511
1788,22,1,8.0,True,7.666666666666666
1789,22,4,93.0,True,47.32203389830511
1790,22,4,38.0,True,47.32203389830511
1791,22,4,9.0,True,47.32203389830511
1792,22,4,89.0,True,47.32203389830511
1793,22,4,85.0,True,47.32203389830511
1794,22,4,31.0,True,47.32203389830511
1795,22,2,0.0,True,0.0
1796,22,4,69.0,True,47.32203389830511
1797,22,3,0.0,False,23.76923076923077
1798,22,2,0.0,True,0.0
1799,22,4,53.0,True,47.32203389830511
1800,22,4,60.0,True,47.32203389830511
1801,22,4,38.0,True,47.32203389830511
1802,22,4,32.0,False,47.32203389830511
1803,22,4,69.0,True,47.32203389830511
1804,22,3,0.0,True,23.76923076923077
1805,22,3,0.0,True,23.76923076923077
1806,22,4,94.0,True,47.32203389830511
1807,22,4,0.0,True,47.32203389830511
1808,22,4,0.0,True,47.32203389830511
1809,22,4,0.0,True,47.32203389830511
1810,22,3,0.0,True,23.76923076923077
1811,22,4,36.0,False,47.32203389830511
1812,22,4,63.0,True,47.32203389830511
1813,22,2,0.0,True,0.0
1814,22,4,0.0,True,47.32203389830511
1815,22,4,59.0,True,47.32203389830511
1816,22,4,46.0,True,47.32203389830511
1817,22,4,35.0,False,47.32203389830511
1818,22,4,70.0,True,47.32203389830511
1819,22,4,59.0,True,47.32203389830511
1820,22,3,93.0,True,23.76923076923077
1821,22,4,69.0,True,47.32203389830511
1822,22,4,76.0,True,47.32203389830511
1823,22,4,54.0,True,47.32203389830511
1824,22,4,51.0,True,47.32203389830511
1825,22,3,79.0,True,23.76923076923077
1826,22,4,51.0,True,47.32203389830511
1827,22,4,0.0,True,47.32203389830511
1828,22,3,48.0,True,23.76923076923077
1829,22,4,29.0,True,47.32203389830511
1830,22,4,58.0,True,47.32203389830511
1831,22,4,75.0,True,47.32203389830511
1832,22,2,0.0,True,0.0
1833,22,1,8.0,True,7.666666666666666
1834,22,4,90.0,True,47.32203389830511
1835,22,4,20.0,True,47.32203389830511
1836,22,4,27.0,False,47.32203389830511
1837,22,4,0.0,False,47.32203389830511
1838,22,4,79.0,True,47.32203389830511
1839,22,1,7.0,True,7.666666666666666
1840,23,5,53.0,True,53.82692307692308
1841,23,5,72.0,True,53.82692307692308
1842,23,5,0.0,True,53.82692307692308
1843,23,5,44.0,False,53.82692307692308
1844,23,5,64.0,True,53.82692307692308
1845,23,5,85.0,True,53.82692307692308
1846,23,5,28.0,True,53.82692307692308
1847,23,5,84.0,True,53.82692307692308
1848,23,5,35.0,True,53.82692307692308
1849,23,5,70.0,True,53.82692307692308
1850,23,5,56.0,True,53.82692307692308
1851,23,3,63.0,True,29.5
1852,23,3,0.0,True,29.5
1853,23,5,67.0,True,53.82692307692308
1854,23,5,43.0,True,53.82692307692308
1855,23,5,81.0,True,53.82692307692308
1856,23,5,80.0,True,53.82692307692308
1857,23,5,0.0,True,53.82692307692308
1858,23,5,45.0,True,53.82692307692308
1859,23,3,0.0,False,29.5
1860,23,3,0.0,True,29.5
1861,23,3,0.0,True,29.5
1862,23,4,0.0,True,36.0
1863,23,1,7.0,True,7.333333333333334
1864,23,4,79.0,True,36.0
1865,23,5,48.0,True,53.82692307692308
1866,23,5,8.0,True,53.82692307692308
1867,23,5,32.0,False,53.82692307692308
1868,23,5,64.0,True,53.82692307692308
1869,23,5,65.0,True,53.82692307692308
1870,23,2,77.0,True,39.2
1871,23,5,56.0,True,53.82692307692308
1872,23,2,63.0,True,39.2
1873,23,5,56.0,True,53.82692307692308
1874,23,5,80.0,True,53.82692307692308
1875,23,5,26.0,True,53.82692307692308
1876,23,5,62.0,True,53.82692307692308
1877,23,3,0.0,True,29.5
1878,23,3,0.0,True,29.5
1879,23,5,83.0,True,53.82692307692308
1880,23,4,84.0,True,36.0
1881,23,5,69.0,True,53.82692307692308
1882,23,4,82.0,True,36.0
1883,23,3,60.0,True,29.5
1884,23,5,70.0,True,53.82692307692308
1885,23,2,0.0,True,39.2
1886,23,5,52.0,True,53.82692307692308
1887,23,4,43.0,True,36.0
1888,23,5,65.0,True,53.82692307692308
1889,23,5,71.0,True,53.82692307692308
1890,23,4,0.0,False,36.0
1891,23,3,74.0,True,29.5
1892,23,5,62.0,True,53.82692307692308
1893,23,5,52.0,True,53.82692307692308
1894,23,5,55.0,True,53.82692307692308
1895,23,5,70.0,True,53.82692307692308
1896,23,3,85.0,True,29.5
1897,23,5,19.0,True,53.82692307692308
1898,23,5,74.0,True,53.82692307692308
1899,23,3,72.0,True,29.5
1900,23,5,50.0,True,53.82692307692308
1901,23,5,97.0,True,53.82692307692308
1902,23,4,0.0,True,36.0
1903,23,2,56.0,True,39.2
1904,23,1,7.0,False,7.333333333333334
1905,23,5,0.0,False,53.82692307692308
1906,23,5,45.0,True,53.82692307692308
1907,23,5,56.0,True,53.82692307692308
1908,23,1,8.0,True,7.333333333333334
1909,23,2,0.0,True,39.2
1910,23,5,72.0,True,53.82692307692308
1911,23,5,83.0,True,53.82692307692308
1912,23,5,0.0,True,53.82692307692308
1913,23,5,49.0,True,53.82692307692308
1914,23,4,0.0,True,36.0
1915,23,5,88.0,True,53.82692307692308
1916,23,5,26.0,True,53.82692307692308
1917,23,3,0.0,True,29.5
1918,23,5,28.0,True,53.82692307692308
1919,23,5,59.0,True,53.82692307692308
1920,24,5,53.0,True,54.907407407407405
1921,24,5,69.0,True,54.907407407407405
1922,24,5,90.0,True,54.907407407407405
1923,24,5,0.0,False,54.907407407407405
1924,24,5,71.0,True,54.907407407407405
1925,24,5,48.0,False,54.907407407407405
1926,24,5,91.0,True,54.907407407407405
1927,24,5,36.0,True,54.907407407407405
1928,24,5,87.0,True,54.907407407407405
1929,24,5,0.0,True,54.907407407407405
1930,24,3,49.0,True,35.18181818181818
1931,24,3,98.0,True,35.18181818181818
1932,24,5,86.0,True,54.907407407407405
1933,24,5,55.0,True,54.907407407407405
1934,24,5,61.0,True,54.907407407407405
1935,24,5,53.0,True,54.907407407407405
1936,24,5,41.0,True,54.907407407407405
1937,24,5,49.0,True,54.907407407407405
1938,24,3,0.0,True,35.18181818181818
1939,24,3,85.0,True,35.18181818181818
1940,24,4,75.0,True,38.142857142857146
1941,24,1,8.0,True,7.5
1942,24,4,37.0,True,38.142857142857146
1943,24,5,77.0,True,54.907407407407405
1944,24,5,9.0,True,54.907407407407405
1945,24,5,73.0,True,54.907407407407405
1946,24,5,55.0,True,54.907407407407405
1947,24,2,85.0,True,30.666666666666664
1948,24,5,54.0,True,54.907407407407405
1949,24,2,0.0,True,30.666666666666664
1950,24,5,49.0,True,54.907407407407405
1951,24,5,88.0,True,54.907407407407405
1952,24,5,0.0,False,54.907407407407405
1953,24,5,82.0,True,54.907407407407405
1954,24,3,0.0,False,35.18181818181818
1955,24,3,0.0,True,35.18181818181818
1956,24,5,91.0,True,54.907407407407405
1957,24,4,0.0,False,38.142857142857146
1958,24,5,65.0,True,54.907407407407405
1959,24,4,54.0,True,38.142857142857146
1960,24,3,60.0,True,35.18181818181818
1961,24,5,69.0,True,54.907407407407405
1962,24,2,0.0,True,30.666666666666664
1963,24,5,35.0,True,54.907407407407405
1964,24,4,58.0,True,38.142857142857146
1965,24,5,70.0,True,54.907407407407405
1966,24,5,43.0,False,54.907407407407405
1967,24,3,0.0,False,35.18181818181818
1968,24,5,67.0,True,54.907407407407405
1969,24,5,43.0,False,54.907407407407405
1970,24,5,52.0,True,54.907407407407405
1971,24,5,63.0,True,54.907407407407405
1972,24,3,56.0,True,35.18181818181818
1973,24,5,23.0,True,54.907407407407405
1974,24,5,0.0,True,54.907407407407405
1975,24,3,39.0,True,35.18181818181818
1976,24,5,25.0,True,54.907407407407405
1977,24,5,69.0,True,54.907407407407405
1978,24,4,43.0,True,38.142857142857146
1979,24,2,99.0,True,30.666666666666664
1980,24,5,98.0,True,54.907407407407405
1981,24,5,51.0,True,54.907407407407405
1982,24,1,7.0,False,7.5
1983,24,2,0.0,True,30.666666666666664
1984,24,5,78.0,True,54.907407407407405
1985,24,5,37.0,True,54.907407407407405
1986,24,5,71.0,True,54.907407407407405
1987,24,5,74.0,True,54.907407407407405
1988,24,4,0.0,True,38.142857142857146
1989,24,5,88.0,True,54.907407407407405
1990,24,5,29.0,False,54.907407407407405
1991,24,3,0.0,True,35.18181818181818
1992,24,5,31.0,False,54.907407407407405
1993,24,5,80.0,True,54.907407407407405
1994,24,5,58.0,True,54.907407407407405
1995,24,5,61.0,True,54.907407407407405
1996,24,2,0.0,True,30.666666666666664
1997,24,5,78.0,True,54.907407407407405
1998,24,5,39.0,False,54.907407407407405
1999,24,5,0.0,True,54.907407407407405
2000,25,4,48.0,True,53.42857142857142
2001,25,1,0.0,False,51.796875
2002,25,1,0.0,True,51.796875
2003,25,1,79.0,True,51.796875
2004,25,1,92.0,True,51.796875
2005,25,1,26.0,True,51.796875
2006,25,1,85.0,True,51.796875
2007,25,1,70.0,True,51.796875
2008,25,1,39.0,True,51.796875
2009,25,1,81.0,True,51.796875
2010,25,1,53.0,True,51.796875
2011,25,1,44.0,True,51.796875
2012,25,1,89.0,True,51.796875
2013,25,1,0.0,False,51.796875
2014,25,1,27.0,True,51.796875
2015,25,4,57.0,True,53.42857142857142
2016,25,1,75.0,True,51.796875
2017,25,1,0.0,True,51.796875
2018,25,1,0.0,True,51.796875
2019,25,2,7.0,True,7.0
2020,25,1,66.0,True,51.796875
2021,25,1,72.0,True,51.796875
2022,25,1,8.0,True,51.796875
2023,25,1,42.0,False,51.796875
2024,25,1,63.0,True,51.796875
2025,25,3,0.0,True,17.857142857142858
2026,25,1,88.0,True,51.796875
2027,25,3,0.0,False,17.857142857142858
2028,25,1,74.0,True,51.796875
2029,25,1,66.0,True,51.796875
2030,25,1,0.0,True,51.796875
2031,25,1,48.0,True,51.796875
2032,25,1,74.0,True,51.796875
2033,25,1,27.0,True,51.796875
2034,25,1,0.0,True,51.796875
2035,25,1,66.0,True,51.796875
2036,25,1,82.0,True,51.796875
2037,25,3,56.0,True,17.857142857142858
2038,25,1,78.0,True,51.796875
2039,25,1,53.0,True,51.796875
2040,25,1,0.0,False,51.796875
2041,25,1,93.0,True,51.796875
2042,25,1,65.0,True,51.796875
2043,25,4,68.0,True,53.42857142857142
2044,25,1,45.0,True,51.796875
2045,25,1,17.0,True,51.796875
2046,25,1,44.0,True,51.796875
2047,25,1,51.0,True,51.796875
2048,25,1,46.0,False,51.796875
2049,25,1,53.0,True,51.796875
2050,25,1,77.0,True,51.796875
2051,25,3,0.0,True,17.857142857142858
2052,25,1,51.0,True,51.796875
2053,25,4,53.0,True,53.42857142857142
2054,25,3,69.0,True,17.857142857142858
2055,25,5,36.0,True,36.0
2056,25,1,29.0,False,51.796875
2057,25,1,94.0,True,51.796875
2058,25,4,49.0,True,53.42857142857142
2059,25,1,0.0,True,51.796875
2060,25,1,65.0,True,51.796875
2061,25,1,66.0,True,51.796875
2062,25,1,89.0,True,51.796875
2063,25,1,41.0,True,51.796875
2064,25,1,37.0,True,51.796875
2065,25,3,0.0,True,17.857142857142858
2066,25,1,69.0,True,51.796875
2067,25,1,51.0,True,51.796875
2068,25,1,98.0,True,51.796875
2069,25,1,80.0,True,51.796875
2070,25,4,62.0,True,53.42857142857142
2071,25,1,81.0,True,51.796875
2072,25,1,73.0,True,51.796875
2073,25,1,90.0,True,51.796875
2074,25,1,59.0,True,51.796875
2075,25,3,0.0,False,17.857142857142858
2076,25,4,37.0,True,53.42857142857142
2077,25,1,18.0,False,51.796875
2078,25,1,21.0,True,51.796875
2079,25,1,45.0,True,51.796875
2080,26,2,89.0,True,74.85714285714286
2081,26,4,0.0,True,51.52307692307692
2082,26,4,57.0,True,51.52307692307692
2083,26,4,60.0,True,51.52307692307692
2084,26,4,37.0,True,51.52307692307692
2085,26,4,0.0,True,51.52307692307692
2086,26,4,43.0,False,51.52307692307692
2087,26,4,54.0,True,51.52307692307692
2088,26,4,66.0,True,51.52307692307692
2089,26,4,67.0,True,51.52307692307692
2090,26,4,38.0,True,51.52307692307692
2091,26,4,63.0,True,51.52307692307692
2092,26,4,86.0,True,51.52307692307692
2093,26,2,60.0,False,74.85714285714286
2094,26,4,0.0,True,51.52307692307692
2095,26,4,0.0,True,51.52307692307692
2096,26,4,52.0,True,51.52307692307692
2097,26,5,8.0,True,8.0
2098,26,4,64.0,True,51.52307692307692
2099,26,4,48.0,True,51.52307692307692
2100,26,4,8.0,True,51.52307692307692
2101,26,4,79.0,True,51.52307692307692
2102,26,1,49.0,True,19.166666666666664
2103,26,4,58.0,True,51.52307692307692
2104,26,4,85.0,True,51.52307692307692
2105,26,4,70.0,True,51.52307692307692
2106,26,4,0.0,True,51.52307692307692
2107,26,4,84.0,True,51.52307692307692
2108,26,4,30.0,True,51.52307692307692
2109,26,4,27.0,False,51.52307692307692
2110,26,4,87.0,True,51.52307692307692
2111,26,4,22.0,True,51.52307692307692
2112,26,4,95.0,True,51.52307692307692
2113,26,1,0.0,True,19.166666666666664
2114,26,4,69.0,True,51.52307692307692
2115,26,4,67.0,True,51.52307692307692
2116,26,4,62.0,True,51.52307692307692
2117,26,4,47.0,False,51.52307692307692
2118,26,2,72.0,True,74.85714285714286
2119,26,4,0.0,True,51.52307692307692
2120,26,4,40.0,True,51.52307692307692
2121,26,4,76.0,True,51.52307692307692
2122,26,4,0.0,True,51.52307692307692
2123,26,4,45.0,True,51.52307692307692
2124,26,4,43.0,False,51.52307692307692
2125,26,1,0.0,True,19.166666666666664
2126,26,4,43.0,True,51.52307692307692
2127,26,2,48.0,True,74.85714285714286
2128,26,1,66.0,True,19.166666666666664
2129,26,3,40.0,False,40.0
2130,26,4,45.0,True,51.52307692307692
2131,26,2,85.0,True,74.85714285714286
2132,26,4,0.0,False,51.52307692307692
2133,26,4,51.0,True,51.52307692307692
2134,26,4,0.0,False,51.52307692307692
2135,26,4,77.0,True,51.52307692307692
2136,26,4,71.0,True,51.52307692307692
2137,26,4,99.0,True,51.52307692307692
2138,26,1,0.0,True,19.166666666666664
2139,26,4,85.0,True,51.52307692307692
2140,26,4,60.0,True,51.52307692307692
2141,26,4,91.0,True,51.52307692307692
2142,26,4,0.0,True,51.52307692307692
2143,26,2,89.0,True,74.85714285714286
2144,26,4,96.0,True,51.52307692307692
2145,26,4,78.0,True,51.52307692307692
2146,26,4,0.0,False,51.52307692307692
2147,26,4,84.0,True,51.52307692307692
2148,26,2,81.0,True,74.85714285714286
2149,26,4,46.0,False,51.52307692307692
2150,26,4,95.0,True,51.52307692307692
2151,26,4,52.0,True,51.52307692307692
2152,26,4,79.0,True,51.52307692307692
2153,26,4,84.0,True,51.52307692307692
2154,26,4,28.0,True,51.52307692307692
2155,26,4,42.0,False,51.52307692307692
2156,26,4,39.0,True,51.52307692307692
2157,26,4,87.0,True,51.52307692307692
2158,26,4,88.0,True,51.52307692307692
2159,26,1,0.0,True,19.166666666666664
2160,27,2,50.0,True,60.75
2161,27,4,90.0,True,46.85245901639342
2162,27,4,0.0,True,46.85245901639342
2163,27,4,77.0,True,46.85245901639342
2164,27,4,30.0,True,46.85245901639342
2165,27,4,71.0,True,46.85245901639342
2166,27,4,53.0,True,46.85245901639342
2167,27,4,52.0,True,46.85245901639342
2168,27,4,0.0,True,46.85245901639342
2169,27,4,52.0,True,46.85245901639342
2170,27,4,56.0,True,46.85245901639342
2171,27,4,77.0,True,46.85245901639342
2172,27,4,0.0,True,46.85245901639342
2173,27,4,76.0,True,46.85245901639342
2174,27,3,0.0,False,31.75
2175,27,5,9.0,True,9.0
2176,27,3,45.0,True,31.75
2177,27,4,60.0,True,46.85245901639342
2178,27,4,9.0,True,46.85245901639342
2179,27,4,70.0,True,46.85245901639342
2180,27,1,0.0,True,0.0
2181,27,4,42.0,True,46.85245901639342
2182,27,4,87.0,True,46.85245901639342
2183,27,4,71.0,True,46.85245901639342
2184,27,4,51.0,True,46.85245901639342
2185,27,4,0.0,True,46.85245901639342
2186,27,4,36.0,True,46.85245901639342
2187,27,3,57.0,True,31.75
2188,27,4,29.0,True,46.85245901639342
2189,27,4,54.0,True,46.85245901639342
2190,27,1,0.0,True,0.0
2191,27,4,0.0,True,46.85245901639342
2192,27,3,25.0,False,31.75
2193,27,4,0.0,True,46.85245901639342
2194,27,2,50.0,True,60.75
2195,27,4,0.0,False,46.85245901639342
2196,27,4,37.0,False,46.85245901639342
2197,27,4,40.0,True,46.85245901639342
2198,27,4,0.0,True,46.85245901639342
2199,27,4,43.0,True,46.85245901639342
2200,27,1,0.0,True,0.0
2201,27,4,55.0,True,46.85245901639342
2202,27,2,48.0,True,60.75
2203,27,1,0.0,True,0.0
2204,27,4,79.0,True,46.85245901639342
2205,27,2,76.0,True,60.75
2206,27,4,76.0,True,46.85245901639342
2207,27,4,0.0,True,46.85245901639342
2208,27,4,0.0,True,46.85245901639342
2209,27,4,43.0,True,46.85245901639342
2210,27,1,0.0,False,0.0
2211,27,4,94.0,True,46.85245901639342
2212,27,4,58.0,True,46.85245901639342
2213,27,4,0.0,True,46.85245901639342
2214,27,4,60.0,True,46.85245901639342
2215,27,2,47.0,True,60.75
2216,27,4,49.0,True,46.85245901639342
2217,27,4,49.0,True,46.85245901639342
2218,27,4,72.0,True,46.85245901639342
2219,27,2,75.0,True,60.75
2220,27,4,79.0,True,46.85245901639342
2221,27,4,70.0,True,46.85245901639342
2222,27,4,48.0,True,46.85245901639342
2223,27,4,59.0,True,46.85245901639342
2224,27,4,76.0,True,46.85245901639342
2225,27,4,74.0,True,46.85245901639342
2226,27,4,0.0,False,46.85245901639342
2227,27,4,83.0,True,46.85245901639342
2228,27,1,0.0,True,0.0
2229,27,4,80.0,True,46.85245901639342
2230,27,4,61.0,True,46.85245901639342
2231,27,4,74.0,True,46.85245901639342
2232,27,4,69.0,True,46.85245901639342
2233,27,4,34.0,False,46.85245901639342
2234,27,4,97.0,True,46.85245901639342
2235,27,4,8.0,True,46.85245901639342
2236,27,4,0.0,True,46.85245901639342
2237,27,4,48.0,True,46.85245901639342
2238,27,2,81.0,True,60.75
2239,27,2,59.0,True,60.75
2240,28,2,43.0,True,53.6
2241,28,4,77.0,True,54.95161290322579
2242,28,4,42.0,True,54.95161290322579
2243,28,4,72.0,True,54.95161290322579
2244,28,4,46.0,True,54.95161290322579
2245,28,4,81.0,True,54.95161290322579
2246,28,4,61.0,True,54.95161290322579
2247,28,4,47.0,True,54.95161290322579
2248,28,4,0.0,True,54.95161290322579
2249,28,4,7.0,True,54.95161290322579
2250,28,4,85.0,True,54.95161290322579
2251,28,4,47.0,False,54.95161290322579
2252,28,4,56.0,True,54.95161290322579
2253,28,4,0.0,True,54.95161290322579
2254,28,5,9.0,False,9.0
2255,28,3,23.0,False,50.5
2256,28,4,0.0,True,54.95161290322579
2257,28,4,7.0,True,54.95161290322579
2258,28,4,64.0,True,54.95161290322579
2259,28,1,0.0,True,39.6
2260,28,4,82.0,True,54.95161290322579
2261,28,4,57.0,True,54.95161290322579
2262,28,4,94.0,True,54.95161290322579
2263,28,4,56.0,True,54.95161290322579
2264,28,4,96.0,True,54.95161290322579
2265,28,4,62.0,True,54.95161290322579
2266,28,3,78.0,True,50.5
2267,28,4,9.0,True,54.95161290322579
2268,28,4,61.0,True,54.95161290322579
2269,28,1,46.0,True,39.6
2270,28,4,46.0,False,54.95161290322579
2271,28,4,81.0,True,54.95161290322579
2272,28,2,25.0,True,53.6
2273,28,4,81.0,True,54.95161290322579
2274,28,4,0.0,True,54.95161290322579
2275,28,4,90.0,True,54.95161290322579
2276,28,1,69.0,True,39.6
2277,28,4,73.0,True,54.95161290322579
2278,28,2,47.0,False,53.6
2279,28,1,83.0,True,39.6
2280,28,4,76.0,True,54.95161290322579
2281,28,2,90.0,True,53.6
2282,28,4,45.0,False,54.95161290322579
2283,28,4,78.0,True,54.95161290322579
2284,28,4,83.0,True,54.95161290322579
2285,28,4,31.0,False,54.95161290322579
2286,28,4,0.0,True,54.95161290322579
2287,28,4,44.0,False,54.95161290322579
2288,28,4,80.0,True,54.95161290322579
2289,28,4,92.0,True,54.95161290322579
2290,28,2,49.0,False,53.6
2291,28,4,81.0,True,54.95161290322579
2292,28,4,53.0,True,54.95161290322579
2293,28,4,58.0,True,54.95161290322579
2294,28,2,78.0,True,53.6
2295,28,4,58.0,True,54.95161290322579
2296,28,4,80.0,True,54.95161290322579
2297,28,4,54.0,True,54.95161290322579
2298,28,4,0.0,True,54.95161290322579
2299,28,4,48.0,False,54.95161290322579
2300,28,4,44.0,True,54.95161290322579
2301,28,4,38.0,False,54.95161290322579
2302,28,1,0.0,True,39.6
2303,28,4,75.0,True,54.95161290322579
2304,28,4,57.0,True,54.95161290322579
2305,28,4,98.0,True,54.95161290322579
2306,28,4,69.0,True,54.95161290322579
2307,28,4,0.0,True,54.95161290322579
2308,28,4,7.0,False,54.95161290322579
2309,28,4,83.0,True,54.95161290322579
2310,28,4,37.0,False,54.95161290322579
2311,28,2,42.0,True,53.6
2312,28,2,43.0,True,53.6
2313,28,2,47.0,False,53.6
2314,28,4,47.0,False,54.95161290322579
2315,28,4,84.0,True,54.95161290322579
2316,28,2,72.0,True,53.6
2317,28,4,88.0,True,54.95161290322579
2318,28,4,61.0,True,54.95161290322579
2319,28,4,78.0,True,54.95161290322579
2320,29,3,58.0,True,49.88888888888888
2321,29,5,74.0,True,61.21153846153846
2322,29,5,69.0,True,61.21153846153846
2323,29,5,51.0,True,61.21153846153846
2324,29,5,42.0,False,61.21153846153846
2325,29,5,91.0,True,61.21153846153846
2326,29,4,11.0,True,56.5
2327,29,4,80.0,True,56.5
2328,29,5,60.0,True,61.21153846153846
2329,29,5,9.0,True,61.21153846153846
2330,29,5,93.0,True,61.21153846153846
2331,29,4,92.0,True,56.5
2332,29,4,0.0,False,56.5
2333,29,5,40.0,True,61.21153846153846
2334,29,5,8.0,False,61.21153846153846
2335,29,5,47.0,True,61.21153846153846
2336,29,1,0.0,True,0.0
2337,29,5,49.0,True,61.21153846153846
2338,29,5,91.0,True,61.21153846153846
2339,29,5,0.0,False,61.21153846153846
2340,29,5,89.0,True,61.21153846153846
2341,29,4,80.0,True,56.5
2342,29,5,43.0,True,61.21153846153846
2343,29,2,0.0,True,0.0
2344,29,4,54.0,True,56.5
2345,29,5,53.0,True,61.21153846153846
2346,29,1,0.0,True,0.0
2347,29,5,91.0,True,61.21153846153846
2348,29,3,21.0,True,49.88888888888888
2349,29,5,77.0,True,61.21153846153846
2350,29,4,54.0,True,56.5
2351,29,5,0.0,True,61.21153846153846
2352,29,1,0.0,True,0.0
2353,29,5,45.0,True,61.21153846153846
2354,29,1,0.0,True,0.0
2355,29,5,76.0,True,61.21153846153846
2356,29,3,49.0,True,49.88888888888888
2357,29,5,78.0,True,61.21153846153846
2358,29,5,97.0,True,61.21153846153846
2359,29,5,96.0,True,61.21153846153846
2360,29,5,45.0,True,61.21153846153846
2361,29,5,68.0,True,61.21153846153846
2362,29,5,85.0,True,61.21153846153846
2363,29,5,75.0,True,61.21153846153846
2364,29,4,65.0,True,56.5
2365,29,3,60.0,True,49.88888888888888
2366,29,5,70.0,True,61.21153846153846
2367,29,5,52.0,True,61.21153846153846
2368,29,5,62.0,True,61.21153846153846
2369,29,4,57.0,True,56.5
2370,29,5,75.0,True,61.21153846153846
2371,29,1,0.0,False,0.0
2372,29,5,51.0,True,61.21153846153846
2373,29,5,62.0,True,61.21153846153846
2374,29,5,0.0,True,61.21153846153846
2375,29,5,74.0,True,61.21153846153846
2376,29,5,86.0,True,61.21153846153846
2377,29,4,95.0,True,56.5
2378,29,3,86.0,True,49.88888888888888
2379,29,3,44.0,True,49.88888888888888
2380,29,5,47.0,True,61.21153846153846
2381,29,3,49.0,True,49.88888888888888
2382,29,5,73.0,True,61.21153846153846
2383,29,5,70.0,True,61.21153846153846
2384,29,5,58.0,True,61.21153846153846
2385,29,5,34.0,True,61.21153846153846
2386,29,5,59.0,True,61.21153846153846
2387,29,5,70.0,True,61.21153846153846
2388,29,4,0.0,True,56.5
2389,29,5,97.0,True,61.21153846153846
2390,29,3,31.0,False,49.88888888888888
2391,29,5,58.0,True,61.21153846153846
2392,29,3,51.0,True,49.88888888888888
2393,29,5,75.0,True,61.21153846153846
2394,29,5,59.0,True,61.21153846153846
2395,29,5,60.0,True,61.21153846153846
2396,29,4,90.0,True,56.5
2397,29,5,55.0,True,61.21153846153846
2398,29,2,0.0,True,0.0
2399,29,5,94.0,True,61.21153846153846
